tenure,MonthlyCharges,Contract,Churn,latitude,longitude
52,105.56964681062857,One year,0,48.13814519751818,16.21713514901113
15,103.02198645669915,One year,0,48.16941247369988,16.24128892031951
61,59.71835296184548,Two year,1,48.209447504084125,16.200278825060987
21,86.80851365706462,Month-to-month,0,48.29835457619585,16.470967088203412
24,40.4984295415821,One year,0,48.23284034261435,16.20738539515237
3,49.31477302610133,Month-to-month,0,48.13984919088166,16.262836730852854
22,109.63358185211197,One year,0,48.10899228831831,16.324878834206373
53,21.300192351073605,Two year,0,48.1252712962629,16.306971397785244
2,28.550853085446807,Two year,0,48.21251104025461,16.473517763073833
30,40.78862551460273,Two year,1,48.25303206576335,16.21208668372036
38,22.65322038738197,One year,0,48.28808384146015,16.353664412303115
2,38.14354350897973,Month-to-month,0,48.10316463439936,16.404143838757314
64,78.30415609696922,Month-to-month,0,48.20455202831237,16.47950939210435
60,62.1424550592498,Month-to-month,0,48.19417347124463,16.386111375637118
21,109.26717110769748,One year,0,48.23121100439514,16.44112657080353
33,101.7443561738441,One year,0,48.211915770893064,16.225117481353603
58,54.1817351697876,One year,0,48.237407830116496,16.315781853281077
22,45.94234334312925,One year,0,48.231616516949835,16.31218414034372
49,57.96924081672669,One year,1,48.12340234497159,16.465886464936716
59,79.02949425148077,Month-to-month,0,48.25994358272374,16.245411351378984
42,46.80636408228763,One year,1,48.12464651514327,16.245565851700988
60,82.41489078491341,One year,0,48.23970612504183,16.298567444965737
15,60.941165219124045,Month-to-month,0,48.18322907352812,16.216339814210052
62,75.20471808519802,One year,0,48.20277014691532,16.254737412195748
62,63.61265291353167,Month-to-month,0,48.28065960287514,16.489562891563722
47,49.44657595419177,Month-to-month,0,48.277976745294694,16.328455181960152
62,114.84533069621567,Two year,0,48.263571261131005,16.38960576252673
51,96.36057941597608,Two year,0,48.202029676091264,16.41783337780339
55,34.011317576645254,Two year,0,48.24724796202676,16.310088422102158
64,106.84679758979128,Two year,0,48.20257941110376,16.244168122323156
3,68.74311982495136,One year,1,48.273921216494955,16.261974304866534
51,109.45522268940914,Two year,0,48.18055516664658,16.293979942974183
7,99.98552559473153,Month-to-month,0,48.294047068882975,16.390820526105667
21,62.52135044692334,One year,0,48.28646455164577,16.319484164726717
39,22.24693083201174,Two year,1,48.24832052389036,16.20204440937004
18,46.867735938494604,Month-to-month,1,48.15588317683522,16.35702215552024
4,74.16342146608669,One year,0,48.126330717758655,16.476454017572227
60,83.34782198261473,One year,0,48.270940690018634,16.443623283302603
14,45.78876854332023,Two year,0,48.13306045722759,16.44756341137789
9,33.93560740728241,One year,0,48.27085215779947,16.43851740528184
53,103.4930236799299,Month-to-month,0,48.19815300134247,16.297119247683128
2,118.44021807035521,One year,0,48.18131135676162,16.42955815012632
60,72.56901823026858,Month-to-month,0,48.28063815576688,16.242948407343356
71,37.16792858483035,One year,0,48.220770196508056,16.397314844182787
44,47.2307326519369,Two year,1,48.21532280142594,16.392470570005496
8,21.839067654746675,Month-to-month,0,48.21175318892488,16.20767093972692
47,111.4298806560499,One year,0,48.174233903203906,16.43639104007728
35,31.775108289014113,One year,0,48.25712862070582,16.47097443152854
36,77.65164755142536,One year,1,48.150559688803156,16.28022458354163
50,47.4055220687206,Month-to-month,0,48.28777899200825,16.443717217255845
4,75.41780025157934,Month-to-month,1,48.27879704100939,16.224721791558583
2,85.14203883518643,Month-to-month,1,48.167496065134976,16.37999035747832
6,102.97418037072016,Two year,0,48.24589275396633,16.345694059600284
54,40.64212717606032,Two year,0,48.214644638889915,16.3637770599927
4,21.09958286584805,Month-to-month,1,48.167529860399846,16.477861560565305
54,33.68856300688073,One year,0,48.297704329599085,16.461394574174054
63,110.00186418481051,Two year,1,48.105047469169655,16.435525097171926
18,107.38900775625153,Month-to-month,1,48.150529206124254,16.282109537303512
44,79.74131021703083,One year,0,48.204014812222226,16.473545588605827
34,80.05168604336534,Two year,0,48.20439060069571,16.229252307739163
62,86.50366745462554,One year,1,48.21778661498911,16.455998764967635
14,37.53712786234496,One year,0,48.25033523440458,16.298448021706083
48,111.44119459249598,One year,0,48.22469556610386,16.216131693498593
15,61.87705248920731,One year,0,48.2200562921056,16.400807095272224
62,58.31385282494975,Two year,0,48.11070289258261,16.269383978494787
40,71.89177052828376,Two year,1,48.17530605755786,16.27307133775939
53,24.696596677505504,Two year,1,48.146411147940235,16.29181414986863
24,36.62833687560794,Month-to-month,0,48.153074022320396,16.219105430250753
26,93.80336164263704,Two year,0,48.21086749486807,16.253138143259477
60,28.279866792512646,One year,0,48.13990106298592,16.201541888275667
41,80.31521094663881,Two year,1,48.15878982020338,16.333622856331736
29,44.534910968132095,One year,0,48.14741694170347,16.22527661322539
15,58.929561404197656,Month-to-month,0,48.28970058864363,16.40479578151326
45,48.86937367706999,One year,0,48.28893314643422,16.270686855357493
65,55.567271646494916,One year,0,48.22198831171921,16.483072243210554
71,91.90459051842456,One year,1,48.284904493746374,16.461375488219595
9,49.7121715623175,Month-to-month,0,48.25716252909367,16.28683226849046
1,76.64046402968972,Two year,0,48.21798957656036,16.434964636397005
8,67.60504021990997,Two year,0,48.10128704229936,16.44097347139944
63,86.36711653626482,Month-to-month,1,48.25450325721588,16.495968934234323
11,113.6829739324758,One year,0,48.240497668317694,16.379351996053707
8,93.25720972102503,Two year,0,48.22305073065648,16.224589720393098
35,41.494037859075675,Month-to-month,0,48.252084862336496,16.394051168677915
35,23.118313506128466,Two year,1,48.20258443295495,16.38749392451281
33,46.22640442998251,Month-to-month,0,48.240816654264265,16.39150517322613
5,79.50779307002549,One year,0,48.287034417345296,16.292143694431264
41,25.142581348425033,Two year,0,48.175161003169215,16.4579038755241
28,69.63662472012363,Month-to-month,0,48.241624366980126,16.487841654886623
7,79.68428489168892,Two year,0,48.19513756360219,16.265313753893444
12,53.424389081696084,Two year,1,48.234879930362794,16.226445647440993
34,97.09122037458219,Two year,0,48.25257866711087,16.258360509950545
33,30.65982531337718,Two year,0,48.10909050008716,16.446165641776716
48,27.513778173580874,Month-to-month,0,48.229320088789734,16.402993390445953
23,92.81887562036033,One year,0,48.14534823688139,16.390814202701737
62,69.54913162061985,Month-to-month,0,48.23400650756151,16.320537940532827
37,88.84023964277361,Month-to-month,1,48.19366603718676,16.37334839145343
44,63.48273386037462,Month-to-month,0,48.25471054837298,16.29236223758231
35,44.64020332391068,One year,0,48.12468016304112,16.343160023825387
65,101.91023176741997,Two year,0,48.22526447033124,16.437918908511197
47,99.94158789689793,Two year,0,48.15569414578551,16.494372479236638
3,89.46964708544267,Two year,0,48.270596399066115,16.47974667707694
1,47.21451372299627,One year,0,48.28567670112726,16.480159782853875
5,79.0230666869087,Two year,1,48.299279658735806,16.320667120454132
14,56.09738969400268,One year,0,48.25920148048545,16.340636964152036
27,29.158207332663416,Two year,0,48.2507468140856,16.411690618910693
9,111.73135754622427,Two year,1,48.14310015177351,16.476657578415384
15,33.68186309189614,Month-to-month,0,48.16720141179802,16.242598277805623
42,115.02373538208025,One year,0,48.19313650835245,16.291272559148158
51,64.60057729579557,Month-to-month,0,48.25467620955645,16.241774053378233
63,38.513292883861965,Month-to-month,0,48.28299317301559,16.383602558987835
52,74.1900947378358,Month-to-month,0,48.137827820004595,16.29189029906626
4,107.29458358764083,One year,0,48.28447349693402,16.297832355753773
23,93.22248864095612,One year,0,48.23912493047081,16.221274787846394
15,100.65611478614497,Two year,1,48.22215414613701,16.304938818542276
43,85.87833667107174,Month-to-month,0,48.13996825425639,16.458748952220475
29,89.22765645178525,Two year,0,48.11110500656183,16.26992184356725
36,104.91956515653193,Month-to-month,0,48.213692979701584,16.40855623986302
13,44.966800885918595,One year,0,48.230303136665775,16.388888503481578
32,68.94249636431405,One year,0,48.14215628987094,16.459045382510734
71,42.120944181960226,One year,1,48.21129124116509,16.23968638429531
59,118.7668007996647,Month-to-month,1,48.27129868055251,16.493276988103514
28,114.40593396866133,One year,0,48.267013189091,16.37478859381211
66,23.942681136850588,Month-to-month,1,48.28547103611726,16.498642245704044
42,90.55751725156884,Two year,0,48.173177161911376,16.473454417759754
45,112.52483174156659,Month-to-month,0,48.16360991451018,16.26645518163393
62,38.057534512733355,Two year,0,48.24988520119616,16.216848602970995
57,76.79452305526294,Month-to-month,1,48.1862224810194,16.27669172813861
6,111.54882975880419,Two year,0,48.11750973280556,16.358269094699825
28,23.394597858579885,One year,0,48.1565602261341,16.251478910119555
28,89.742026724684,Two year,1,48.1837164571063,16.250237923355396
44,49.734900737255074,One year,0,48.15850328509525,16.338778064131546
30,112.43961953765304,One year,0,48.16644111418947,16.209980391350808
62,117.10582451653677,Two year,0,48.15875518123488,16.23656642475968
62,114.42664891134339,Month-to-month,0,48.10829983343662,16.324758401822383
1,67.42142166574638,Month-to-month,0,48.22741894016489,16.218938972762388
27,106.20426509893134,Month-to-month,0,48.21945848407069,16.31902651693666
62,104.45493985350704,Month-to-month,0,48.230676699695735,16.342201879784533
3,51.91004732432556,Month-to-month,1,48.138461979206724,16.335379984221934
70,102.89154741506773,One year,0,48.159130908322496,16.460752457220927
27,23.700763471549262,Month-to-month,0,48.22392318538898,16.35901873651552
9,79.6269878482053,One year,0,48.21992551369198,16.340394138743413
62,43.000883728770305,One year,0,48.201266061870854,16.3232127736175
37,32.05668857772788,One year,0,48.17008265000204,16.445287013491345
51,27.695320162920915,Two year,0,48.28258620095494,16.46851698119995
44,89.62887758781397,Two year,0,48.16795404845977,16.455972740759137
24,53.98749637680661,One year,0,48.19112383128745,16.402063973439418
59,92.47667715287615,Two year,0,48.23562276619084,16.2412085237906
32,26.535634079894237,Month-to-month,0,48.208604286173355,16.283060990847602
52,51.52903378306104,Month-to-month,0,48.16937719527288,16.213818919104593
62,73.94912923753373,One year,0,48.1871289580913,16.479247222497033
58,99.07231648389636,Month-to-month,0,48.2588961635707,16.398239558907274
52,51.87525029320699,One year,0,48.155625831097325,16.42390886529397
12,82.58913764370091,One year,0,48.128451047955366,16.293471521874668
39,108.5977748236187,Month-to-month,1,48.162632640365956,16.453696056683203
2,81.58631881823047,Two year,0,48.26990684309758,16.277880985112542
3,43.29594747536338,Month-to-month,0,48.11779794297127,16.200493127133733
56,22.4400781556538,Month-to-month,1,48.298339214674485,16.31292448875621
59,107.00988739009298,One year,0,48.20820057978553,16.371228444287723
2,22.126941085038712,One year,0,48.296969148793416,16.343611457389656
2,107.47016726841994,One year,0,48.28779928441719,16.45862284277298
54,72.8937134027212,One year,0,48.19056274284218,16.23162158578685
1,113.90676985128962,Two year,1,48.13969821492107,16.366147032190117
19,99.87832357736654,Two year,0,48.132976955313026,16.35389380494627
2,119.79341105333374,Two year,1,48.14799787277399,16.28441789465165
53,55.071181545171015,One year,0,48.24202652811291,16.4466684337731
44,96.71882889311269,One year,0,48.1545899989463,16.425854596764662
32,60.193091360924214,One year,0,48.16828505392086,16.419857756199548
70,67.98756203039088,Two year,0,48.189755760798924,16.462857743480868
32,82.750546321837,One year,0,48.282646536084286,16.416835380186455
68,107.36771141863387,Month-to-month,1,48.13787868357697,16.269552387514416
55,118.40834691992951,Month-to-month,0,48.10100531052196,16.411668813494906
56,96.82734138645182,One year,0,48.112019282075636,16.292310844016953
17,61.77667821673337,Month-to-month,0,48.28095326833602,16.27265239510424
38,62.13570022770702,Month-to-month,0,48.22950329296867,16.221901077869887
24,93.75823015888915,Two year,0,48.154608123865565,16.423208574104304
69,43.87771457683023,One year,0,48.13543850020224,16.413300288584942
70,31.047411313139467,One year,0,48.15885334732742,16.270349843302228
11,55.462215764077655,Two year,0,48.12295938545026,16.424813705017247
16,48.72389916540817,Month-to-month,0,48.28830658205688,16.475352264928066
59,49.63081204559901,Month-to-month,1,48.25684123487305,16.232408687247474
70,43.36077510499099,One year,1,48.19247823538251,16.269790991516032
3,24.20931896363619,Month-to-month,0,48.272992521023035,16.425078238226195
20,21.787393473341382,Two year,0,48.14989164085865,16.28235200205212
59,118.77223897360315,Two year,1,48.24342411369444,16.387399192285116
36,62.77731337358623,One year,0,48.271226499802744,16.224349267339115
19,58.432664715968166,Two year,1,48.171353742324655,16.33566074373106
67,87.96472826930699,Two year,0,48.251492889090144,16.421727426597887
19,41.825388786506416,One year,0,48.15901446985286,16.405954182912975
20,114.99611839502253,Two year,1,48.15977142705181,16.444521630202743
71,98.6345014415552,Two year,1,48.12141143571084,16.46323563798095
52,28.941100231225953,Two year,0,48.18801160930188,16.431955050377628
33,61.75807757849284,Month-to-month,0,48.245942381299486,16.401476322881678
40,107.91183075621647,One year,0,48.28804416111426,16.209516747544807
39,114.47320222914102,One year,0,48.220759398385816,16.360490002022832
1,66.74015112498697,One year,0,48.272627107547144,16.211309317474456
11,81.34113892107078,Month-to-month,0,48.26449892985804,16.442420345134806
57,36.70339460920752,Month-to-month,1,48.13466861059506,16.296217357337987
50,119.11686261369765,One year,0,48.197163485782525,16.368728812235375
23,43.16717013834434,Month-to-month,0,48.12338470710508,16.28383359219567
31,114.27317741351257,One year,0,48.23643063231233,16.43475004331409
42,84.96466489923685,Month-to-month,0,48.289979933649214,16.46595075799257
7,80.77367948788591,Two year,0,48.12741789161575,16.31959274826392
16,71.26885110165085,Two year,0,48.246776626160504,16.458876718053297
60,43.066981171775865,One year,0,48.226447630173574,16.2801225022369
2,37.65280320055083,Month-to-month,1,48.21672100740162,16.360398276922655
1,42.048620907017536,Month-to-month,1,48.178024046937665,16.45762842895161
48,38.64382621442545,Two year,0,48.17102632955076,16.297764402784736
12,97.95844735667534,Two year,1,48.10904983780378,16.486212679523426
69,55.01252591667301,Month-to-month,0,48.1435817416504,16.236563850534413
37,25.784267656339637,Month-to-month,0,48.10303537645736,16.20548252091705
32,116.91026301408114,Month-to-month,0,48.2162834211164,16.471240605773456
9,108.37858849634257,Month-to-month,0,48.12117064717558,16.22059459984436
19,112.77522831952129,Month-to-month,0,48.27460387880594,16.49756675878425
48,119.49078226464353,Month-to-month,1,48.20462860413943,16.48541905859373
3,37.389524921948734,One year,0,48.23993798181174,16.241106273010896
20,59.62420189026587,Month-to-month,1,48.1821714183681,16.36127538770777
24,95.82384757040913,Two year,0,48.21211596180021,16.255476089240144
54,89.60206180537922,One year,0,48.28853183539332,16.328446551909035
33,35.389590633985506,Month-to-month,1,48.116546807924735,16.21842753877795
24,101.58331249906178,Two year,0,48.15078755438474,16.267177376338978
36,42.44405718366607,One year,0,48.255997665382104,16.30898183891967
38,42.381761482262306,Two year,0,48.11974744137653,16.331594250073817
25,73.69744228934135,Month-to-month,0,48.11513222078082,16.49324887746267
18,79.29399348417031,Month-to-month,0,48.17230827975081,16.442359693705193
66,78.00862078378111,Month-to-month,0,48.11843359169449,16.421222983293582
54,29.148683739775485,Month-to-month,0,48.217015688441236,16.36111239442259
35,107.74608626303804,One year,1,48.14525505016332,16.4519993281813
61,46.560004258870606,One year,0,48.27913959263987,16.301796850696714
41,32.95149212828042,Two year,0,48.25670001616905,16.412669733831994
33,108.87480798689772,Month-to-month,0,48.23994104121989,16.49813519261345
68,115.56514982297534,Two year,1,48.2233888054769,16.294388672680558
33,106.21276172654507,One year,0,48.27269314606829,16.40220526046519
14,100.95160747248781,Month-to-month,0,48.144612412308554,16.453294459245715
21,85.52419806390218,Month-to-month,0,48.27462176855284,16.4747422750052
48,75.08573706091393,One year,0,48.25789845968481,16.41537980728203
20,28.698675991141016,One year,1,48.24963216527753,16.28508237702514
8,60.845321307069874,One year,0,48.212251135614984,16.297884645470685
7,57.2688517012314,One year,0,48.14924883219412,16.20622740963719
67,45.97537837603262,One year,0,48.18470958319838,16.428265793301453
17,92.3420113688585,Month-to-month,0,48.258714130907755,16.212821881818584
33,69.58757350787708,One year,1,48.10635569687147,16.459395706380825
48,28.104621590764793,Month-to-month,1,48.25641015385275,16.23559818434236
59,42.01832019498113,Month-to-month,0,48.148014148097516,16.251562953640775
22,88.32587636595959,One year,1,48.128861840144324,16.342957941249672
30,27.61308594903002,One year,0,48.12314026363606,16.42136412455062
38,105.12069140487687,Month-to-month,0,48.105450002390164,16.241700661559722
51,69.51465270139744,One year,0,48.20471729704429,16.33202132251995
54,68.0586577326648,One year,0,48.14365197453875,16.344855382323033
8,79.24077846595176,One year,0,48.297886353155924,16.263685692500577
27,102.46809659251491,Two year,1,48.21488735117444,16.23466751300419
27,54.780920790219305,Month-to-month,0,48.1275770538712,16.450926276895693
21,87.80161525590636,Two year,1,48.237752508162274,16.35073969492883
30,76.5731963995791,One year,0,48.27954871330194,16.204314370795245
28,46.70282701694213,Two year,1,48.249035899073924,16.44089439039273
64,107.8629986355158,One year,0,48.11528797220789,16.494238141624376
69,99.74260216069281,Two year,0,48.27917683623853,16.381777858624275
61,85.84518346584255,One year,0,48.25878587717199,16.35111251612522
48,105.05817290942419,Two year,1,48.13166078002112,16.46352475891349
19,106.72942009598023,Two year,0,48.110357177746565,16.48575503690538
4,90.83629767150347,Two year,1,48.21146211506286,16.42636107477074
35,103.7013328363672,Month-to-month,0,48.131207162268,16.333635878920287
64,89.74714616692836,Two year,0,48.26691819051905,16.377666419799432
49,88.01407717603004,Month-to-month,1,48.171666931334336,16.4102806095054
17,81.86113782151844,One year,0,48.282578488947316,16.25828207130054
44,95.27166395576413,Two year,0,48.2131376344282,16.33416030966493
30,35.86051052930737,One year,0,48.136534476847935,16.448946379415187
46,108.08707591989284,One year,1,48.12791977347196,16.396417604549534
6,107.1843527745232,Two year,0,48.21529448751155,16.323361220163555
37,22.924728303455915,Month-to-month,1,48.25237672237249,16.399008760204403
24,102.58167505647627,Two year,0,48.25630112954843,16.235466723621737
46,32.88698674734452,One year,1,48.15515148088826,16.320449283169463
53,53.51188542591419,One year,1,48.140849351782435,16.43793856138892
60,94.35082562916078,Two year,0,48.10335126089848,16.266152636140994
63,36.07598960483082,Month-to-month,0,48.23583983024023,16.255788452267225
32,101.79670241190622,Month-to-month,0,48.11531365168671,16.48524559797493
33,103.21341779577419,One year,0,48.184152240353185,16.26296928887587
67,70.74677337608362,One year,0,48.220336432803656,16.27827557389505
18,20.63858717168336,Month-to-month,0,48.287421788983934,16.4908847816713
25,48.70381331749128,Two year,0,48.16236042739116,16.420412571079506
54,81.69269183757422,One year,0,48.1499544324893,16.409878959907058
58,118.11861780274235,Month-to-month,0,48.230832030857215,16.455877915156375
67,83.18135270166684,One year,0,48.22384780641072,16.234746924671036
46,45.98035810641598,Two year,1,48.16642195666162,16.411786870974
24,83.40057030996113,Month-to-month,0,48.285620367101956,16.351106582798472
32,73.99853797158555,One year,0,48.268972465497924,16.44874519208524
47,97.98453951511436,Two year,0,48.14479650917302,16.35244251559956
23,30.69806388269584,One year,1,48.14782850908691,16.38607240628067
66,96.1027902502028,Two year,1,48.202460069377416,16.34332263791986
27,74.12665786761103,Two year,1,48.25471442034614,16.343447677066752
2,116.29920038589947,Month-to-month,1,48.1088080758777,16.43039099341855
17,54.187216603868606,Two year,0,48.23866703074694,16.388569920194186
33,83.26218931339481,One year,1,48.229647179476416,16.38997896048282
9,113.20281055100175,Two year,0,48.1462960191826,16.33508474514946
43,30.250972799067924,Two year,0,48.23627060264827,16.359332848901257
48,113.72284872364511,Month-to-month,1,48.28803663825041,16.423715299861435
39,88.78857223008133,Two year,0,48.10935716899436,16.447782275733577
42,26.78370591051719,Two year,0,48.16393041105841,16.408968420643212
26,50.096356694681624,One year,0,48.18763534333327,16.477221896653706
50,90.81720886452815,Month-to-month,0,48.27985207178494,16.44609722644416
25,26.73506014687717,Month-to-month,0,48.29245228932183,16.368559136942856
24,78.21704601762733,Month-to-month,0,48.188823049299266,16.40142182179312
13,54.588305695295674,Two year,0,48.25000568242844,16.47789248307636
60,82.0915517767477,Month-to-month,0,48.2063322047529,16.385750413272916
7,24.574203381251287,Two year,1,48.20755658694827,16.44744208439395
57,107.15368061523763,Two year,0,48.155619903013275,16.406643151076995
36,117.3488969177397,One year,0,48.14339124917278,16.36558090831814
45,116.88778552856915,One year,1,48.15760106918481,16.272551458624605
20,94.96518317429248,One year,1,48.211265601451416,16.327799255840528
65,33.0086240130632,One year,0,48.10583103720442,16.490322847450116
8,95.82631959290225,One year,0,48.28144978887128,16.39732961498178
16,22.45869164588015,Two year,1,48.13125674190996,16.369318614101697
14,22.212355152899725,Two year,1,48.14401773537428,16.479886987658467
15,52.36102191495412,Month-to-month,0,48.20365523528953,16.375953534311233
66,68.86431904046657,Two year,0,48.24202295326745,16.357824755525222
32,97.04074178077931,Two year,0,48.11914581094888,16.427793256545062
63,88.32953766065052,One year,0,48.16353893950943,16.413799685695963
51,64.59027063767483,Two year,0,48.29373492111487,16.25794800252253
25,47.362666628166586,One year,0,48.15246859335619,16.341392482372235
58,119.71245001577111,Month-to-month,0,48.162610029012626,16.341754632845877
63,62.6181302235973,Month-to-month,0,48.2672996981236,16.313467354573003
62,65.13870243296755,Two year,0,48.11004288633809,16.355188044645676
22,36.36238211916692,Month-to-month,1,48.192922633761796,16.32393221931814
58,99.48095487499293,Two year,0,48.17592335289034,16.259803646841355
58,89.36822257814886,Month-to-month,0,48.16331735198173,16.323709946182404
49,42.07696127887604,One year,1,48.15713991880895,16.22168308427195
52,28.23810456158427,One year,0,48.11827482097208,16.372735758832324
42,88.0499302074713,One year,0,48.16296516587033,16.456096364682335
70,85.45112142811352,One year,0,48.108610480543135,16.417586125306368
15,47.32595269982093,Two year,0,48.25619277272889,16.308118212016232
54,115.08635622504103,Month-to-month,1,48.1796455587916,16.22612136167319
60,35.10578917809002,Two year,0,48.188780766463985,16.26064481976758
8,63.23348010426019,One year,0,48.27871891729002,16.36364710214845
53,114.36159201675989,Two year,0,48.23161099677224,16.26211712501491
60,61.97273169261223,Month-to-month,0,48.101611820668424,16.36319193338549
5,83.85259476640856,Two year,1,48.288634964592255,16.26947970742917
68,59.75943979627943,Month-to-month,0,48.147428893195546,16.45467716084282
6,47.421520234867,Two year,0,48.121522836951975,16.319181441852137
47,118.39776479598282,Month-to-month,0,48.25362563567617,16.273665187783347
55,60.9334006315043,Month-to-month,0,48.20009546317334,16.44369785407412
40,109.40992036791344,One year,0,48.186754113203605,16.302851689441635
52,42.99546058910862,Month-to-month,0,48.14990061593655,16.233446306351635
16,41.31047040250833,One year,0,48.20949429797246,16.37112284742109
13,23.113408288451136,One year,0,48.15487692104052,16.374469261331395
30,85.1666825375885,One year,0,48.280316601057415,16.41440870257072
19,56.852634372376116,Two year,0,48.14304089594664,16.272065829962514
17,106.4358249839637,Two year,0,48.27687103009115,16.333131401727673
63,67.32099066915572,Two year,1,48.21188108514547,16.284710375712795
19,116.81934279147217,Two year,0,48.265697626779044,16.224286120834705
58,38.55255157031212,Month-to-month,0,48.24256919917219,16.462984148104766
55,106.86231679556109,Month-to-month,0,48.239339022287346,16.418660941346502
62,97.65968527917417,Two year,0,48.16486916153901,16.29043891783764
23,97.0921844644052,Month-to-month,0,48.14677938629444,16.379811897861597
9,104.47832281168877,Month-to-month,0,48.14217724553616,16.260379136440342
12,96.10239909429988,One year,0,48.271438331411915,16.46707098653873
1,82.62203216314154,One year,0,48.2640853640518,16.234471903008572
58,33.12448776823876,One year,1,48.18811470560246,16.20115114365234
1,23.25261794912519,One year,1,48.126480922699294,16.350602459321756
34,112.08478478156869,Month-to-month,0,48.17645045039549,16.37493834703586
48,81.6650314520738,Two year,0,48.22386869082738,16.37368959608874
1,99.65372909761763,Month-to-month,0,48.19088063089599,16.21635357823135
16,68.15223515125501,Month-to-month,0,48.2560378536966,16.29421314207553
61,31.730818896239448,Month-to-month,1,48.29952456445027,16.349759684052398
64,32.51857922025504,One year,0,48.13822641768978,16.26497375568817
63,88.55652872289714,One year,0,48.191930163931914,16.46178776564577
69,63.030589489946266,One year,0,48.186196780384165,16.22613278683843
22,40.05247267003367,Two year,0,48.16089850654979,16.34621533250161
67,69.15945467414369,Month-to-month,0,48.13961910334406,16.407424817253947
26,26.420893707513407,Two year,0,48.11313842329793,16.278525330040345
16,78.19714019143987,One year,0,48.27742386344474,16.387272221099256
51,46.89934044350977,Two year,0,48.18396973953726,16.448815545042713
57,99.75591006371882,Month-to-month,0,48.19937910370001,16.257101092528515
29,51.03619589235738,Month-to-month,0,48.28338840964018,16.475166177547457
69,65.52201490818013,One year,0,48.25525809550319,16.366067559798708
47,21.162053990810065,One year,0,48.126100252823434,16.289769601290317
62,27.24468877945589,Two year,0,48.21308399352155,16.329257482614683
69,59.24935564066848,One year,0,48.18845045530391,16.293657565135916
16,67.99388347171235,One year,0,48.25944221451575,16.417533347979994
48,80.00205481193038,Month-to-month,1,48.24484650952239,16.438890199024538
39,49.16625787093032,One year,0,48.238081144382214,16.449881217695598
33,89.49818861265426,One year,0,48.16810896709598,16.49573047487572
23,106.01223971892045,Month-to-month,0,48.26099274607985,16.437385287749006
10,97.98509888933498,Month-to-month,0,48.11047825911897,16.38041522120657
69,23.961882534835716,Two year,0,48.131924980286435,16.301766089517535
34,68.0506947257829,One year,0,48.16712465459558,16.363378634613223
52,30.493017841817487,Month-to-month,1,48.11536148821386,16.212320451837122
10,44.204501586252746,Two year,0,48.146998855506936,16.423447522658975
19,118.66625932671465,Two year,0,48.26603019659958,16.33378666352763
58,34.24955429015132,One year,0,48.28965030755801,16.206006968919656
1,69.88881534513561,One year,0,48.16092047115484,16.218752082453122
69,81.81557343181191,Two year,1,48.15290316079777,16.316239939146527
4,90.2464970544104,Month-to-month,0,48.15597853044929,16.37502645570553
16,75.96486834869141,Two year,0,48.15554381747017,16.339261184685636
24,20.977084741918365,One year,1,48.1071860364372,16.385761295187645
2,52.64613082439919,Month-to-month,0,48.28538326926622,16.344088277637407
32,71.77116433847115,Month-to-month,0,48.14273962831407,16.398511153644403
24,28.786649914483334,Two year,0,48.18400081481628,16.265737819401238
12,55.06269312091808,One year,0,48.10193737654819,16.233852956155086
50,23.320310879136656,Two year,0,48.27159101818301,16.3789301863877
35,27.857849715502073,Two year,0,48.24623146889098,16.345406855080892
33,59.69232762015961,Two year,0,48.28935120703474,16.20806029621348
33,33.271575404306034,Month-to-month,0,48.25632309583928,16.31414456564791
61,76.75408482615582,Month-to-month,0,48.16274130241041,16.2318376756473
51,88.94649691372658,One year,0,48.14957467174568,16.359407049525807
43,100.05866991090829,One year,0,48.239543261510654,16.318733303898128
12,40.01502442448101,Two year,0,48.1728225550021,16.383945573330905
67,36.74825822590698,Two year,0,48.213243003150524,16.441680665631072
65,30.456784033440023,Two year,0,48.10125149420529,16.289900605152447
33,83.64302495436367,One year,0,48.11237714033609,16.488630631249507
40,90.64757264869012,Month-to-month,0,48.20707358823633,16.360690350176274
43,23.158614482564204,Month-to-month,1,48.213214329289634,16.385487239626435
44,113.62122462436898,Two year,0,48.250290588891865,16.404201711967723
29,25.197128365147243,Two year,0,48.126393063924795,16.400019458957278
13,74.12963353010704,Two year,0,48.202636616751356,16.35329122291352
12,90.90605194509165,Two year,0,48.13888952888634,16.328629287334405
46,107.09691237460856,One year,0,48.11863922391254,16.216134589253212
2,91.40869321324278,Month-to-month,1,48.18209915881211,16.20662575359035
35,100.17280830697918,Two year,0,48.13266732961781,16.30738835835983
8,53.94501925428061,One year,0,48.14435639563846,16.30009826719011
26,101.48251137465122,Two year,0,48.1635109159739,16.3163085464517
34,28.011484638467515,Two year,0,48.15187768014864,16.241510460266458
7,109.48166560605276,Month-to-month,0,48.11751825948119,16.421450481161052
68,74.75923761537362,Two year,0,48.11798324897194,16.45708932443287
58,101.72977699624937,Month-to-month,0,48.13864988304683,16.48161439061221
29,65.23182845183001,Month-to-month,0,48.11011183759191,16.34770869105589
36,84.35776951965249,Month-to-month,0,48.22529140393539,16.410259709737627
21,72.64026609361133,One year,0,48.15746534330178,16.456665337030763
36,93.15895217553319,One year,1,48.155949193553816,16.325487333328045
10,28.162998203058958,Month-to-month,0,48.16639965884755,16.292823838461132
24,26.03520839905638,Two year,1,48.232559254841945,16.481017366756046
64,44.71032340101465,Month-to-month,0,48.2741267762967,16.35470296532312
49,35.95446801131884,Two year,1,48.25181738651113,16.349176165977262
36,107.17835665922017,Month-to-month,1,48.24550584604502,16.25352482896905
24,41.92139873580443,Two year,0,48.19687823712017,16.232446504372007
23,117.58652558191314,One year,0,48.23876111139348,16.452632058745053
62,53.68957917711069,Two year,0,48.21055247360672,16.384239952856255
37,38.21179156886993,Month-to-month,1,48.14325010563731,16.297747375205834
12,98.96985071424791,One year,0,48.14171767354821,16.257520865217078
55,85.87077755008761,Two year,0,48.159278401375055,16.36664918405089
13,69.8195716453139,Two year,0,48.28216053419396,16.37517578677834
23,75.53635509376312,Two year,1,48.209482968075946,16.262098080373516
30,91.92017782722638,Two year,1,48.24678107540037,16.455421724367444
17,42.84547413312987,Two year,1,48.169311751963306,16.225279309846755
62,119.63339160567419,One year,0,48.181543154133045,16.306827925549925
13,117.4793162146783,One year,0,48.12511311572745,16.404115324128757
59,85.03256863469369,One year,0,48.13425899156434,16.28223610914576
19,39.95424509291451,One year,0,48.265471310965225,16.44830255843438
49,88.02282424312914,Month-to-month,0,48.21696772633778,16.42196034798012
12,27.219840897917585,One year,0,48.16750649317677,16.43670685336444
61,23.065250220580605,Two year,0,48.26057024179911,16.235731960763015
19,45.76828885112137,Two year,0,48.149303981127595,16.242164138398664
9,66.26229567393163,One year,1,48.29520653972004,16.285942121323373
71,106.82725054083805,Two year,0,48.16896352154924,16.355423149559268
28,92.7169069766308,One year,1,48.16746219083024,16.42440482300982
52,94.2706521199981,Two year,0,48.16238238110734,16.45095926722827
16,62.54933344480754,Month-to-month,0,48.12442230318486,16.411300594787154
69,54.59349925469629,Month-to-month,0,48.122227429466406,16.47857906445919
12,57.10387629846027,One year,0,48.229621006906825,16.42162305288478
25,118.76495637360578,One year,0,48.27502360891161,16.291880366101385
52,24.010919141248248,One year,0,48.25810410205433,16.27952438530157
53,106.70314961224486,Two year,0,48.128221518804274,16.408857735090326
23,77.86754085723933,One year,0,48.20911642435841,16.257861170606883
16,63.86154191895905,Month-to-month,0,48.12111830919533,16.22781444324308
57,92.52576604151365,Two year,1,48.10905892872262,16.35966686245686
39,68.66689414247028,One year,0,48.231277171876954,16.446492470933688
53,107.34232380816606,Two year,0,48.20703046673607,16.230413952740957
42,110.07018640112585,Two year,0,48.116404737042295,16.437567397138718
58,62.17209268734554,One year,0,48.1069878492812,16.443471601305465
39,47.682779723505156,Two year,0,48.297951282681865,16.34468220002446
14,79.23503285933623,Month-to-month,0,48.106004266429814,16.217193093003146
5,111.2363345616691,Month-to-month,1,48.18890565061003,16.252376955374157
35,41.06621890056665,Two year,0,48.20092380492154,16.412227882548578
18,82.29665835634827,One year,1,48.12345602956009,16.413533383497285
9,83.15602200925206,Two year,1,48.133812355687944,16.4695065825503
58,93.3113022415281,Month-to-month,0,48.17036100128207,16.374805843966374
17,33.15676851272598,Two year,0,48.25233517524273,16.237232210314133
7,91.58249646820886,Two year,1,48.20141648481205,16.236424471651492
46,110.9032520665641,Month-to-month,0,48.22758037491059,16.416339707207047
13,37.968310887024195,Two year,0,48.29703491101813,16.25513539953237
40,43.75433249238776,Two year,1,48.25360108706264,16.29851564988498
42,117.13950940416396,One year,0,48.18687229962824,16.346163602076572
9,38.097695270948975,One year,0,48.18928838435931,16.207429463272845
50,105.4385093369579,Month-to-month,0,48.2237544154082,16.27464570810598
27,69.22778564480348,Month-to-month,0,48.23307304168378,16.322366882552185
66,44.723107440317705,Month-to-month,0,48.20014218516734,16.283890895547962
5,107.07499012725114,One year,0,48.228972244562996,16.240911098240268
29,64.53052550026655,Month-to-month,0,48.10470649888282,16.41840367733886
37,71.48173539296903,Month-to-month,0,48.18592457277937,16.443944296550395
38,55.92333693997657,Month-to-month,0,48.1557876152147,16.27724369284312
8,79.29508514349274,One year,0,48.125834889048626,16.43232584838189
65,36.352387258502276,Two year,0,48.11990930256176,16.315666069320393
17,59.10815366517607,Month-to-month,0,48.220638433122936,16.3520057372562
71,116.94123223352875,Two year,0,48.20472010943052,16.456800322467945
45,45.81334327011275,Month-to-month,0,48.15071682339927,16.42498610454072
4,85.67366645412922,Two year,0,48.1941900117545,16.441535055394855
36,52.51900642246949,One year,1,48.19844646303648,16.241053549975906
70,97.34731256866006,One year,0,48.139001796087726,16.22091582775012
31,33.08736607183498,Month-to-month,0,48.230418612376326,16.468021418726394
19,116.98210450785447,Two year,0,48.256183871277216,16.316350280871326
61,65.37895413836392,One year,0,48.258292708177905,16.286363903420902
54,43.605046334646396,Month-to-month,0,48.22049396614069,16.417408876278547
39,27.349674733001265,Month-to-month,0,48.2023277165038,16.45092467897396
19,36.97579050875407,One year,0,48.11220142860108,16.45874688656949
39,71.97739485560177,One year,0,48.15756625977032,16.294799142337567
67,53.70031764312863,Month-to-month,0,48.11865428935563,16.4556637173605
45,102.88833658826094,Two year,0,48.29276463217569,16.212280183312302
13,63.08875236618059,Two year,0,48.127016029245155,16.214898447437914
58,44.87142725876299,Two year,0,48.13035508197022,16.387055758552247
20,81.714498660403,Month-to-month,0,48.27791532366609,16.218931910734664
61,90.67772168854458,One year,0,48.28878565669529,16.297382750553048
39,36.704190790094984,Month-to-month,0,48.25316580784698,16.401826795874076
1,36.761921628831765,One year,0,48.10108098473454,16.30118006881627
3,23.667142693354297,Two year,0,48.10026925419131,16.253879934432028
62,93.64020150656405,Two year,0,48.17562015395749,16.284405186556153
63,86.38045276218051,One year,0,48.12867907400218,16.337272599675128
25,67.46308757498139,One year,0,48.10367722843032,16.342615756606644
56,104.41704489691972,Month-to-month,0,48.1928133378809,16.43490006940416
33,100.56701529500532,Two year,1,48.28861237948139,16.425045968829455
38,78.53543643967521,Month-to-month,0,48.16476391498048,16.33704534136684
6,106.82712805132586,Month-to-month,0,48.23222813568574,16.453700204729632
58,40.58412100367683,Month-to-month,0,48.23044707062649,16.23427114157742
44,31.19196193977279,Two year,0,48.15021602073303,16.27660600506867
45,46.97496115169896,Month-to-month,0,48.230085049764774,16.448392939050674
32,25.708685608931486,Month-to-month,0,48.14246679485738,16.313398211587845
45,73.1169528001032,Month-to-month,0,48.12440148271538,16.494354467638153
61,113.66056922949615,Month-to-month,1,48.240276657111934,16.33987598445835
47,23.934354066850965,Month-to-month,0,48.12268816342078,16.437580686889127
21,32.21099140100268,Month-to-month,1,48.29938184371787,16.32069211241471
36,65.21990282834352,Two year,0,48.136690480230044,16.32748605571873
19,113.38750175279048,Month-to-month,0,48.21882837255129,16.314864944185256
20,51.61561049767505,One year,0,48.182274914282516,16.415722686153245
57,70.72348086883925,Month-to-month,0,48.125277284481136,16.364255365217996
18,24.15728590503921,Month-to-month,0,48.10556878151549,16.48313343341051
47,34.834320096208884,Two year,0,48.22454645645857,16.27526709496023
49,118.66301229588468,Two year,0,48.26135151275783,16.23016881962503
14,116.51186964360456,One year,0,48.268403132301344,16.317978445529764
15,20.49399809344096,One year,0,48.19654269461539,16.385013812294034
31,115.18117854232389,Two year,1,48.255491093436476,16.458239681074648
1,83.91199378155004,Two year,0,48.23456942669771,16.303859066004097
54,106.79182945200222,Month-to-month,1,48.244850905499824,16.396136025337338
3,65.47398556338591,Two year,1,48.19851980104436,16.305059604306965
16,71.55960285792503,One year,1,48.22668234804843,16.385165874898338
57,68.88465802569202,Month-to-month,0,48.26110518271521,16.465442384109195
12,86.68642575461044,One year,0,48.179576835111405,16.269407292677823
16,33.96512547563129,Month-to-month,1,48.261195780173516,16.32127249263211
24,22.997358987267795,Two year,0,48.21840336855781,16.497979558928925
28,50.79299415911909,One year,0,48.13318020487416,16.460567108474837
8,90.46807627366466,Month-to-month,0,48.10493683144492,16.36939195736886
36,40.185345212294834,Month-to-month,0,48.17255072007983,16.35498827755628
8,87.34324333249174,Two year,0,48.20933926565927,16.285380114691403
58,116.99120461072704,Two year,0,48.2679640704407,16.355162828308057
60,29.39007157894184,Two year,1,48.12549713602805,16.454454449483983
50,87.26021182251263,One year,0,48.260041269536714,16.405552353983335
28,64.37502193045711,Month-to-month,1,48.27260180921344,16.287013208453395
41,106.81422543775054,Two year,0,48.13013749740017,16.26043917631606
64,37.71497894473859,One year,0,48.270318863860844,16.27956256109905
27,89.26259522261645,One year,0,48.298290713568555,16.25092776041785
63,103.81152896481102,One year,0,48.24536776620965,16.228692208807114
17,114.46142194740233,Two year,1,48.256953936364994,16.325740852332615
33,88.32480282896458,Two year,0,48.29888305351177,16.23398988131948
29,69.71747640084273,Month-to-month,0,48.22109625010519,16.25157376731813
13,81.78472402012139,Month-to-month,0,48.16157727640325,16.364197405301844
46,106.89049844787182,Two year,0,48.26750616681521,16.249379782109873
35,77.06097466388297,One year,0,48.222897155502324,16.21916393022927
6,23.038705969683686,One year,0,48.21623908474419,16.295216655008364
69,113.09486955069778,One year,0,48.15072711110281,16.26609572958659
47,88.95267510315611,Month-to-month,1,48.251266853916576,16.35459155639831
25,87.65133857772466,One year,0,48.11633345517202,16.230710125374962
66,41.567515239771716,Month-to-month,0,48.28485741415893,16.42553123630489
10,85.88854702326572,Month-to-month,0,48.1651646921541,16.471870055830543
56,59.386440565415846,One year,0,48.125554930557996,16.42303055218686
30,85.12329770414921,One year,0,48.18847330662048,16.35984811122042
5,30.659303030799073,Two year,0,48.10849398185131,16.458200346536664
33,85.7845304603036,Two year,0,48.23692523885299,16.40847551393445
65,119.94137257706666,One year,1,48.28054110208907,16.203165336735058
18,24.821203886055603,Month-to-month,0,48.2674526014277,16.31822704583235
49,117.71741842213173,Month-to-month,0,48.12547389468958,16.45528556982204
11,60.690796072287064,Month-to-month,0,48.12525422742155,16.30375765739258
26,107.07534503372591,Month-to-month,0,48.26268689646485,16.210564552057658
63,98.23854840582734,Month-to-month,0,48.28485085492062,16.42385389156568
59,76.70162609866678,Two year,0,48.1921339659667,16.44061148108486
27,93.84492092513266,One year,1,48.19979422338275,16.24817810851299
49,107.8515561301348,Two year,1,48.163652408277144,16.361202149052954
33,60.4140321651033,Month-to-month,1,48.27885302365128,16.257586631698718
1,52.70331615632387,Month-to-month,0,48.22898058105847,16.415770325713243
21,86.75933855635847,Month-to-month,0,48.15765031543347,16.281465136553244
55,100.78459419412586,Month-to-month,0,48.15975657421085,16.294864536768998
6,96.22851347766158,One year,1,48.27824001461272,16.45349125609203
69,99.78136488586345,Month-to-month,0,48.10272680478116,16.34289670566207
5,63.5583314812933,One year,1,48.16454531454533,16.400926335365472
3,101.78342161750216,Month-to-month,0,48.21087133624327,16.32071191521674
53,32.02090553706084,One year,0,48.129643492419866,16.289402057158124
23,74.44890979608496,Two year,0,48.11841975083992,16.387643418127396
53,20.575866049812156,Month-to-month,0,48.26305526621811,16.246457272223648
37,52.45858299002703,One year,0,48.2788808777297,16.311899950670057
17,56.646153487139784,Two year,0,48.264721284159634,16.262711111215776
1,59.61726916092554,Month-to-month,0,48.279757577947464,16.408738490082225
51,89.54672066898621,Month-to-month,0,48.210622394211676,16.483262651503832
45,58.85581012703457,Month-to-month,0,48.262451624198064,16.49865329040476
4,64.86936226225306,One year,0,48.17680852767822,16.335083043132478
62,43.754413087432745,One year,0,48.23325357229581,16.27575911689093
65,57.325179162934006,Two year,0,48.29776710627783,16.332848811115298
32,42.72696272631515,One year,0,48.14514554476783,16.454180822988818
34,27.319592376844362,One year,0,48.177979949258216,16.261801703565613
39,80.34485933813778,Month-to-month,0,48.19600947546201,16.485628695495876
26,86.82127985550163,Month-to-month,0,48.12760309740401,16.302559730639445
34,81.94903460096145,Month-to-month,0,48.116207722093016,16.49574109783509
54,66.34940438005724,Month-to-month,0,48.26594457326432,16.45158266626019
3,57.978578017922985,Month-to-month,1,48.295358874565515,16.442571160244217
50,106.33336495718252,Month-to-month,0,48.18094501276593,16.295371402131984
12,71.9081785136218,Month-to-month,0,48.11752996723893,16.202633163584377
65,67.9181877629731,Two year,0,48.11316235213812,16.314639872647795
54,22.564206580643567,Two year,1,48.278263641272055,16.290542810898806
5,54.12478276261564,Two year,0,48.19276284994554,16.211219097122637
57,58.019561878585705,Two year,0,48.16400546331248,16.351609576951777
17,59.88227808969005,Month-to-month,1,48.19529225424788,16.32090939338482
47,78.01723692273322,Two year,0,48.16366081893847,16.39036694032246
23,73.36025467268784,Month-to-month,1,48.197807155061525,16.386355896658223
14,80.79050927934446,Two year,0,48.27191127938359,16.236223990769002
66,96.48832615421283,One year,1,48.21846027421242,16.49308966383799
51,101.29857387160935,Two year,0,48.238930754562034,16.256079428832432
38,91.81230762264944,Two year,0,48.17293413524687,16.333582207429412
64,115.55236959549347,Month-to-month,0,48.247701175702105,16.34643526303012
38,21.823258267636163,Two year,0,48.23332341697587,16.443918839164237
50,39.57779856835461,One year,0,48.12391239955041,16.229768878828395
30,20.756287497814213,Month-to-month,1,48.214528570623116,16.328593283762558
51,84.7474714154603,Month-to-month,1,48.15134869926195,16.38855065107086
63,109.8030548949987,Two year,0,48.26081913392672,16.264546686487215
52,44.34822965762993,Month-to-month,1,48.18518754169339,16.38824036962982
38,112.70345447963066,Month-to-month,0,48.29893683303929,16.477099451264895
30,26.026739028956086,Month-to-month,0,48.11850008758779,16.499255439351803
51,113.44360268055144,Month-to-month,0,48.25606957254803,16.2097353230372
5,55.16226872396344,Month-to-month,0,48.23474034670843,16.270676468473404
29,30.142082844921653,Month-to-month,0,48.25349976611814,16.29309213473751
4,68.58717591863257,One year,0,48.16150595909809,16.31973783013349
10,45.677656772050796,Two year,1,48.19841089787648,16.27267714727543
56,48.48729019619228,One year,0,48.25930170394474,16.26104639836659
17,50.72899649262865,Month-to-month,1,48.14650826632417,16.48636615272525
17,100.30258978326634,Month-to-month,0,48.14520663935773,16.475556480831155
69,73.91612766752544,Two year,0,48.210210190658984,16.214097750300933
34,51.13076991560037,One year,0,48.20471271590597,16.301643906481456
6,81.03337833109184,Two year,1,48.156452494082586,16.321544566103523
53,91.61506742231936,One year,0,48.15961513010497,16.27170436039978
66,47.262400073353376,Month-to-month,0,48.15556903264131,16.388661869096453
43,61.354910152535155,Two year,0,48.254302412399696,16.39211422399327
23,32.18860933369476,Two year,0,48.23038017311249,16.45515126849858
55,38.11493495346803,Month-to-month,0,48.26648343668205,16.422260780515565
16,88.11178539649828,Two year,0,48.295094605662804,16.362771998089787
8,38.143834769562694,One year,0,48.1948328592544,16.396076031013326
4,72.51633836670601,One year,0,48.11333877628109,16.282196634462906
4,90.90462617224327,One year,0,48.10961846208241,16.377916856990208
56,30.687692309474386,One year,0,48.15913300785432,16.346768176424977
25,76.73122196289034,Month-to-month,0,48.286508917870485,16.24000334019491
67,45.65627837013638,Two year,0,48.20464261099418,16.27276328297489
67,116.29268752375798,One year,1,48.154357303216024,16.287508035216476
27,68.35456467199248,Month-to-month,0,48.1798333589022,16.477292870115768
32,100.59925497751581,Two year,0,48.219719021480934,16.269115991815767
50,75.02265421562618,Two year,0,48.23058993162757,16.2867731708459
61,24.341253285481915,Month-to-month,0,48.13078390195658,16.310806239026828
51,83.31513755940223,Month-to-month,0,48.29540633530903,16.399122821587614
19,115.14033422066571,One year,0,48.20895444539656,16.23547151774164
21,80.16118201463311,Two year,0,48.12713766355846,16.48618356374813
5,101.91888594267903,Two year,1,48.278727050669225,16.45967136602843
42,108.42064633484078,Month-to-month,0,48.114927686215886,16.373164821902684
61,42.80797719489325,Two year,0,48.2815470866355,16.402211360227486
22,41.204483990822666,One year,0,48.29931313125779,16.204998141373263
21,81.09809888509918,Two year,0,48.2400863598313,16.301683432604534
70,61.10284698067047,Month-to-month,0,48.2540894442148,16.438698069198434
1,103.98613028667204,Month-to-month,0,48.167460567293496,16.223244892137714
5,110.00231233980112,One year,0,48.28831537054678,16.284694150263217
12,55.34213793027181,One year,0,48.20594279322167,16.37558904850029
46,43.687055897448204,Two year,0,48.24647768931951,16.276923908309683
34,98.05255152438619,Two year,0,48.284821543182254,16.480193392243354
49,47.48060355481361,Month-to-month,0,48.2950359951951,16.239317589241285
45,102.26143185136785,One year,0,48.26664087131933,16.439218307372332
27,62.37382536487628,One year,1,48.16060350139641,16.35238460757192
26,86.75498992914704,One year,0,48.29330950331041,16.425099232745985
47,29.55353138346682,Two year,0,48.225623906248714,16.293214598493435
56,82.3859324676573,One year,1,48.28612849527039,16.354346880693612
63,65.17676787372291,Month-to-month,0,48.23522100516287,16.457050604916954
48,78.66084631754741,Month-to-month,0,48.16144779236954,16.34006342973693
61,36.801420774486346,Two year,0,48.174004904828564,16.30791595857308
26,93.68737449441821,Two year,0,48.21009435542059,16.360846615875822
36,106.27970775432286,One year,0,48.25800296831198,16.41520882591091
1,41.67398000907757,Two year,0,48.163596510268064,16.333069003649552
8,29.57145555201617,Month-to-month,0,48.21594623322684,16.481663092542682
52,22.36385860463364,One year,0,48.16912499871528,16.2884837472127
47,84.1971500443266,Month-to-month,1,48.26315388092702,16.342639081850734
56,80.70940360887808,One year,0,48.19334561875359,16.42707829780243
14,74.669741271407,Two year,0,48.11534456537058,16.406736327148728
28,43.194709611597546,One year,1,48.13321050429631,16.459092315725147
2,59.09059959055147,One year,0,48.11222093352393,16.499042754204332
26,79.4476335186173,Month-to-month,1,48.19986058920286,16.328057498638525
14,69.67668588591694,Month-to-month,0,48.12126745946965,16.233345263934993
59,118.77855202148874,One year,0,48.122827993861925,16.20912476424239
56,33.64397525567331,Two year,0,48.28820965200767,16.41806307184193
7,89.51445540475937,Two year,0,48.27453101443521,16.462204101392615
3,60.431876810429216,Month-to-month,0,48.190417319362275,16.266213775783324
23,62.819961492561475,Two year,1,48.29716106417004,16.24753441115697
18,91.75977656581762,Month-to-month,0,48.10003730563413,16.218661527457705
38,89.24361513243696,Two year,0,48.22279589125468,16.446810876515162
15,119.12559937021884,One year,1,48.223285635474376,16.293414581967774
64,32.83942894541252,Month-to-month,0,48.19148861117398,16.32050906782793
28,30.410964938416633,Month-to-month,0,48.17938959458686,16.350825057482883
39,92.43388171287411,One year,1,48.19107662709612,16.451835970262866
57,77.83869170064091,Month-to-month,0,48.182992087215936,16.395249966468445
17,47.416066655980586,Two year,0,48.24609849549646,16.384519388957344
44,27.94193689889866,Two year,1,48.12707108699466,16.252701629986774
25,28.565824959643052,Month-to-month,0,48.13952784411823,16.35395696751295
17,109.41908746641182,Two year,0,48.13610364567849,16.414614305153595
13,39.18673247187429,Month-to-month,0,48.152494117024254,16.491978264909147
25,52.33715621155208,One year,0,48.20505168375632,16.260421892764004
68,42.6656402226988,Month-to-month,1,48.12224174946765,16.202863005920168
10,55.49963058319373,One year,0,48.2736338590653,16.22259043007954
67,26.94238427460934,Two year,0,48.1594723062617,16.312755739554593
18,71.90597909082703,One year,0,48.13250759749374,16.446163394323797
34,26.76125635922149,Two year,0,48.235124261919644,16.202142624530474
8,100.03565078223616,Month-to-month,0,48.107617260119866,16.337019177865752
40,43.3712081910433,Two year,1,48.22399371297483,16.298769184602417
42,74.00119146045105,Month-to-month,0,48.2396396861353,16.215744513029918
41,108.00790875614582,Month-to-month,0,48.142983306277344,16.335070886001784
6,85.08773690471942,One year,0,48.10839281468873,16.276424612201016
52,73.29577865513353,One year,0,48.17272907178389,16.3055654503041
26,52.43337531153756,One year,0,48.119718846048386,16.41168459143529
64,53.300191305819794,One year,0,48.12329556993467,16.35646529517329
59,86.94869551981901,Two year,0,48.15085224628897,16.237394228697845
56,119.41393612211675,Two year,0,48.15909358492535,16.48842436212709
59,86.18391898493786,Two year,0,48.205994068204284,16.39077322971292
70,75.77834173700249,Month-to-month,0,48.2356783771006,16.42976052769876
33,93.06505102392461,Two year,0,48.21855418817404,16.22376394500251
53,66.52056122837182,Two year,0,48.1296720674579,16.214117513838005
22,26.01423426007852,Two year,1,48.134417206490525,16.205834415110424
21,76.22968158779098,One year,0,48.27575384995858,16.25663820833203
70,115.76252845053801,Two year,1,48.21167046301282,16.324322519315547
70,37.530294235765965,Month-to-month,0,48.273987566579535,16.480747840020847
4,89.00048908206658,One year,0,48.17430930226397,16.337117897779734
62,40.093368865905646,Month-to-month,1,48.22288000148627,16.28707653161176
62,73.58276844730813,Two year,0,48.20473268321092,16.368580576055898
24,29.66764496467196,One year,1,48.163824697964095,16.233580373440436
55,65.03709362581851,Month-to-month,0,48.19398307440672,16.382851767301496
9,95.61633288952461,Two year,0,48.20049817536538,16.37052958629915
3,54.757152423898205,Month-to-month,0,48.140154194951336,16.43759791002171
31,86.4911724487218,Month-to-month,0,48.163002074475344,16.49600628348511
40,99.54499607897291,Month-to-month,0,48.25828195010139,16.275262041514832
36,112.71778194794527,Two year,0,48.283157647890825,16.352896935241127
24,43.46420818554535,Two year,0,48.17195881870906,16.4726596218957
6,59.931591580930814,Month-to-month,0,48.161394456441805,16.435556965326853
66,35.24160133304174,One year,0,48.13903943291438,16.34622189093024
4,119.24835021583752,One year,0,48.23569823373011,16.483611494884432
6,112.70009679242953,Two year,1,48.16461994033327,16.217171008055043
51,73.99571302805596,Two year,0,48.297549907819835,16.479299585913775
62,104.20332943764213,Two year,1,48.16513696041279,16.21515221771484
57,72.09579772720423,Two year,1,48.17882720935653,16.364191423234406
66,82.35856880027598,Two year,0,48.220666839242405,16.467132284400325
8,28.912443211601662,One year,0,48.26033685863826,16.27881628306839
26,95.52704204968079,Two year,0,48.19390373306913,16.341674549683546
51,32.77134836352349,Month-to-month,0,48.18453120675779,16.29729866374109
45,102.60676302525283,Month-to-month,0,48.29912756671896,16.485643175122906
44,98.20280876703859,One year,0,48.10209872822799,16.447093678425926
5,90.87446977429764,Month-to-month,0,48.27901305777025,16.412700453397914
70,23.616038052476213,One year,0,48.129828165187945,16.37628809598453
26,50.31283559453286,One year,0,48.257185055241784,16.446177536797244
68,46.311256991084285,Month-to-month,0,48.22358631196926,16.317680112457065
19,56.01364074715191,Two year,0,48.168369457099615,16.334265556531818
20,28.764274676383856,Month-to-month,0,48.2747749911042,16.419000516324257
12,113.69578230310628,Month-to-month,0,48.1025814455962,16.307326428988112
47,75.38022407123762,One year,0,48.145338130414984,16.219170282614513
1,50.55243106580235,Month-to-month,0,48.213378559249904,16.22230038266582
14,59.698151707428345,One year,0,48.17030845200994,16.23460884039171
64,64.72025405048356,Two year,0,48.22207549906366,16.460904397003098
38,80.05943333606173,Two year,0,48.10482203868173,16.34166792772686
37,71.56794276964978,Two year,0,48.123291786096345,16.41386471080342
11,111.93919732144174,Month-to-month,0,48.12541924804369,16.317872800681467
3,69.69634829058302,One year,0,48.137856729183206,16.27761328422469
33,119.21580148233127,Two year,0,48.19186628816011,16.304157650268664
6,105.14249577450957,One year,0,48.250425739908714,16.438254703595156
50,40.85105143573358,One year,0,48.28110776758578,16.38756483750943
10,113.05952146439162,Two year,1,48.267074506056844,16.48129193398737
5,31.63663978854761,Two year,0,48.13937757435514,16.40391143357305
23,101.74497084911916,One year,0,48.18823011044613,16.371054489526408
10,58.06232934765801,Two year,0,48.13988231955171,16.38305880269575
44,107.79743204450695,One year,0,48.15289436333344,16.482711431840524
2,106.80566901074504,One year,0,48.20070939630238,16.436460278960013
13,100.59254001176211,Two year,0,48.11362180494471,16.20721237120993
40,99.00304363070614,Month-to-month,0,48.143634865918656,16.36024190884071
2,50.46791390980408,Two year,0,48.28707563226142,16.40650152346397
65,28.09192830512522,Month-to-month,0,48.193223258531695,16.424609543531748
63,60.29801787651615,One year,1,48.189077305195575,16.26394263579418
17,37.352451498650865,One year,1,48.10291343095026,16.460153206335406
9,89.49510889024617,Month-to-month,0,48.14947994941167,16.48675294415255
15,54.609972653778556,One year,0,48.273258487196436,16.27101459175346
24,117.56102008599149,Month-to-month,0,48.132925685651735,16.464784637255175
38,84.0972077345332,Month-to-month,0,48.18302498790695,16.22909362875483
35,102.24805636343609,One year,0,48.102866181173404,16.216712050834573
49,33.252467274184845,Month-to-month,0,48.19566709633411,16.238767140030824
69,106.20144822726226,Two year,0,48.10420422134524,16.21732232384011
62,112.27571905133944,Two year,1,48.263921910613156,16.453503671146734
60,68.70619188189359,One year,0,48.264970753497416,16.21771504333748
50,80.62529377509775,One year,0,48.257548437660475,16.281499257409095
9,96.48098009029954,Month-to-month,0,48.15667281377822,16.231126903060755
34,37.48386272604125,Month-to-month,0,48.267447443644365,16.28862661089413
35,70.25660764634424,Month-to-month,0,48.20859962652105,16.227167840280277
1,59.86630277723131,Month-to-month,0,48.1747616217734,16.400400975222905
40,34.63739921622491,Two year,0,48.225065991940845,16.239998044902773
64,56.753442229153144,Two year,1,48.10246820921208,16.455553777751668
22,26.817230938549358,One year,0,48.128592175520154,16.44515731521799
60,22.5811906949487,Month-to-month,0,48.24845870763405,16.20409850564118
64,33.51662891548227,Month-to-month,0,48.14883232174323,16.468717906654533
11,116.31151115891738,One year,1,48.21960182346575,16.20868329502301
14,74.9529535895017,Month-to-month,0,48.177020520564604,16.271893735487268
60,116.582216115322,Month-to-month,0,48.27096115575985,16.209716741332798
30,63.2497878330132,Month-to-month,1,48.290483061199325,16.300753046111794
35,51.181613308525954,Month-to-month,0,48.276712945674035,16.354159957713982
37,70.61418628402441,Month-to-month,1,48.15412399893872,16.43899346070454
5,63.95116886329101,One year,0,48.13883257380922,16.30139446514095
26,30.566468426174392,Month-to-month,0,48.19488697872415,16.411647007401935
62,84.08263146902063,One year,0,48.10146683016724,16.256251337135694
4,41.60381825095996,Month-to-month,0,48.10516187857264,16.425179537023237
42,81.95879548978296,Two year,0,48.210658127924596,16.27079898177277
18,85.02010923981534,Two year,0,48.20408988083306,16.24306342678313
40,35.20248531286481,Two year,0,48.29891639780705,16.255622655112216
39,26.134962711066816,Two year,0,48.14036836707275,16.254618938664557
14,98.07615860684398,One year,1,48.151620785832094,16.353858863813098
32,65.98004237693202,One year,1,48.122708128465256,16.453439274356445
51,25.81637955054758,Month-to-month,0,48.28350860193075,16.223881523097752
38,119.48663171697672,Two year,1,48.255562248891685,16.412086895548025
23,25.778056099636665,One year,0,48.264467822291365,16.39630393789586
63,89.50352288585532,Month-to-month,0,48.2805527575929,16.46175598554881
15,118.36789252634136,Month-to-month,0,48.20497999734517,16.273244268152073
25,43.91801042159256,One year,0,48.19023863829015,16.33503295760551
17,34.22493686871962,Two year,0,48.166078294733126,16.477748212333054
66,32.13849394224289,Month-to-month,0,48.21784292286957,16.397998035040594
53,50.327514756759555,Two year,0,48.190855679357966,16.31663052385848
51,30.104581101064667,Two year,0,48.19031311732112,16.23942371485658
39,89.2161341694132,Two year,0,48.287385572746224,16.278745502370178
51,26.22917981300627,Month-to-month,1,48.29680630285582,16.374364643246814
70,70.94221281497897,Two year,0,48.259296877865914,16.415450384268155
6,119.66968538529768,Month-to-month,1,48.251351618049384,16.237326566055568
67,101.39702695060188,Two year,1,48.23611163235582,16.379879178013216
7,81.52194382310108,Month-to-month,1,48.1332149704667,16.365105383651624
51,50.62536207866117,Two year,1,48.11182116417513,16.354186634007213
42,82.38958362916384,One year,1,48.23814526302265,16.407036935304603
64,72.70414639116515,Two year,0,48.24575724445131,16.45123487852504
15,62.60833838903715,Two year,0,48.10939459821963,16.29689690495306
29,33.07103767401995,Month-to-month,0,48.285610350045765,16.46670365703329
33,108.66042152404667,Month-to-month,0,48.11822812788893,16.248190083785566
27,64.97846488213224,Two year,0,48.15718010675424,16.25190716092535
36,39.46225118207651,One year,0,48.23447796255974,16.280031619087175
29,56.77593508772896,One year,1,48.1339745188809,16.23585926086412
38,61.4129752528927,Month-to-month,1,48.11108317768845,16.269095767404863
57,102.75378955668742,One year,1,48.16622929783283,16.23192352887085
27,93.3614380561402,Two year,0,48.25319431497103,16.44652572509562
55,96.93048936413398,Month-to-month,0,48.18273573579705,16.241690697565986
33,21.10312644286472,Two year,0,48.230594584381585,16.424189267267955
68,61.615399817976154,Month-to-month,0,48.21592381944563,16.214374160374
66,68.13441516353237,Month-to-month,0,48.10444369640512,16.484556098254174
10,21.919227682305667,Month-to-month,0,48.29770799740914,16.41334802625833
5,45.981320874503425,Month-to-month,1,48.108285617763876,16.202038964575834
38,96.0289823122135,One year,0,48.293560547529694,16.429156950060065
13,33.7109705728999,Two year,0,48.20997283567288,16.354224576229853
31,73.53101314525917,Two year,0,48.29263180541301,16.433809551100534
47,41.52018720172375,Two year,0,48.122950719882766,16.356749042667175
52,21.212077464389328,Month-to-month,0,48.198081703837104,16.392307457290606
56,44.12014575995415,One year,1,48.13390081837321,16.43589949661851
15,117.58737549100537,Two year,0,48.11019497540449,16.321532416376357
29,100.15371118829896,One year,0,48.22350582301246,16.200812444946134
8,115.95766443210334,Month-to-month,0,48.14155668419234,16.454983948783557
5,68.78540439263625,Two year,0,48.21753940365751,16.314267108787398
29,30.97361986775035,One year,0,48.122472896389795,16.348812817804976
47,74.7959488973693,Month-to-month,0,48.16639729428654,16.20232999264619
68,65.4377334559961,One year,0,48.256326511610645,16.34762760310503
45,104.4357082739616,Two year,0,48.187410304368434,16.49594622047152
2,29.80825807842446,Two year,0,48.22554908297947,16.28348029824563
27,68.82411370217781,Month-to-month,0,48.22949158814911,16.31862548107271
36,35.00486646939842,Month-to-month,1,48.26875100879746,16.406156998940602
36,52.467592689006,Month-to-month,0,48.16498455888133,16.4444381002571
26,93.73570773877996,One year,0,48.237459112516504,16.32521748720183
43,67.60181293687666,One year,0,48.29232316140923,16.292900661120388
27,57.58882851457693,One year,0,48.24604866687157,16.48134773999552
69,59.44762785700353,Month-to-month,0,48.19797409534355,16.4031434900015
20,65.94467684059866,Two year,0,48.22614348889839,16.235706391347943
11,98.50165438370568,Two year,0,48.24793657955262,16.220678363440395
38,109.20846889402344,One year,1,48.222455153138775,16.34506495523711
6,115.53346865039283,One year,0,48.10333516269797,16.26602701981418
23,98.6903386255295,Two year,1,48.13895469953744,16.276195426012876
47,51.54068957480128,Two year,0,48.262093643443094,16.463307653648354
46,88.81347060865421,One year,1,48.1545301294625,16.226869807294893
12,63.760312405539196,One year,1,48.24631242391222,16.414609234568665
13,45.467062204605114,Two year,0,48.17442404304834,16.281342676014177
62,104.08715794259226,Month-to-month,1,48.20437686563159,16.42809846642124
60,23.8426348962325,One year,0,48.11359465996388,16.416723415339064
43,110.17619921354235,Two year,1,48.13624511220994,16.202217570433287
68,66.1477464624734,Two year,0,48.29143939270384,16.35274062387648
5,83.72014768082803,Two year,0,48.27802761068938,16.241795844713412
37,85.93539222057827,Two year,0,48.23045502217981,16.459868109173602
31,109.51177407065364,Month-to-month,1,48.19192891947715,16.461475764858722
9,83.66696821672073,Two year,0,48.23515225857904,16.325503742248127
51,81.39335847600617,One year,0,48.22372205781878,16.333318685535325
29,26.665204056068994,Month-to-month,0,48.213710451120924,16.29098488182136
40,71.8408021945204,Two year,1,48.111835414372706,16.414981889688008
41,35.016900081704165,Month-to-month,0,48.2265605221323,16.307598408907936
11,93.74337687214856,One year,0,48.25378400891423,16.28033774235679
23,71.22219208126745,Two year,0,48.298816330929114,16.32966931785135
1,88.02277792083532,One year,0,48.10221571051886,16.227446255516238
46,24.16729006023843,Two year,0,48.246034690662135,16.423980961393262
21,28.47920160458032,Two year,1,48.214357863187196,16.203778920381534
36,91.63233880626822,Two year,0,48.18681043521619,16.39334551845618
54,27.208433599867337,Two year,0,48.125514034914275,16.25485935802646
57,27.12567277652586,Two year,0,48.18181702972697,16.269721213864322
1,21.210847523488745,Month-to-month,0,48.17087543659723,16.39068959959201
63,115.65013982994802,Two year,0,48.16056597779575,16.497883039734873
54,93.75083594590069,Two year,0,48.24617592466444,16.433315246721765
55,55.32514085020642,Month-to-month,0,48.240145104256854,16.267751889667018
40,49.653558128765525,Month-to-month,1,48.21780401819618,16.25280742651234
15,54.97032297458495,Month-to-month,0,48.28773296265867,16.4598698610803
21,97.46535311811819,Month-to-month,1,48.16997087683617,16.33325518437645
47,86.13706110704143,Month-to-month,1,48.14876038754203,16.241115840848448
53,38.51955678674679,Month-to-month,0,48.23118066261968,16.45866342699658
9,37.41093353340844,Two year,1,48.139762812187485,16.444827705874278
52,29.839564971339733,Two year,0,48.16300210143668,16.495171909169148
57,86.03027197013381,One year,0,48.144920488014975,16.472923106013805
26,96.43726622217359,Two year,0,48.1138307135437,16.45553710159816
41,46.5046428325004,Two year,0,48.26549974832713,16.2157723193433
35,22.09449610309128,Month-to-month,0,48.15090810858433,16.231324610849434
63,28.217166747642736,Month-to-month,0,48.1946055006686,16.370694958291235
25,116.78600348450304,Two year,0,48.10866305465086,16.359443773884546
38,49.54447774774202,One year,0,48.239867893250526,16.33738896434686
2,96.92231478381336,Month-to-month,1,48.16611220046126,16.319036797624374
7,82.46635688542638,Two year,0,48.24894734556584,16.329363145459297
34,58.19396396528959,Two year,0,48.18248061209357,16.37078938024044
17,40.568726219555515,One year,0,48.139151121281124,16.200622955280025
43,32.138641815940645,One year,0,48.202635016456405,16.278212632239857
59,81.50129680388666,Month-to-month,0,48.12610091192749,16.355483916206612
51,97.4633780637788,One year,1,48.1881078319746,16.416664829602094
54,84.39042535411306,Two year,0,48.163461095484095,16.25224700771862
24,73.03021332491583,Two year,0,48.28239191683993,16.36406435213623
25,24.195122343163625,One year,1,48.112185744344146,16.414337905165734
71,116.84887775943838,One year,1,48.23880348282115,16.33338829737417
52,99.87141916545745,One year,0,48.13655023319749,16.208124340101016
70,49.28220367009648,One year,0,48.163809014866445,16.33478044753969
33,117.99703293588506,Month-to-month,0,48.18310281261241,16.288933466323247
49,80.18815896363222,One year,0,48.28160301787499,16.4788948823104
29,78.24226582072464,Month-to-month,0,48.148515653214766,16.237384015703498
63,94.8073179429532,Two year,0,48.118261760508936,16.395742786652168
22,101.17697880901376,One year,1,48.163737920798106,16.215815929900348
26,85.64786073315027,Month-to-month,0,48.120935194107105,16.33385113134381
28,32.80957463662,One year,0,48.12571929719211,16.366193846166023
49,53.82675059944984,Two year,0,48.214770119595,16.28938647939506
71,112.80836403260497,Two year,0,48.1121803866199,16.336522690656114
49,42.46156118438519,Two year,0,48.10618617627871,16.249066138359055
20,57.21670238375133,One year,0,48.2428828202941,16.29123715484041
63,63.2076882944196,One year,1,48.17232941896821,16.38633189747306
61,63.940498969445215,Month-to-month,0,48.12507506984677,16.290540016758346
49,81.29395824945254,Two year,0,48.15072255417194,16.469922923522663
71,114.30758377447076,One year,0,48.22841730147048,16.388522087292298
1,44.06927118325049,Two year,0,48.15510731342817,16.331594705530794
13,32.150137630091805,Two year,0,48.19890422502408,16.211627080666254
51,39.74704898599373,Month-to-month,0,48.12433906134534,16.349864500561402
56,108.69249002092695,Month-to-month,0,48.217618727521085,16.429432872637527
62,84.5810812655206,Month-to-month,1,48.163215536768654,16.279667279403725
32,48.590678923916016,Month-to-month,0,48.22539368690574,16.44203207089463
30,101.59469389686173,Two year,0,48.2616789764608,16.275542029815263
29,106.1369996363436,Month-to-month,0,48.222329283878,16.44712391638524
49,104.6514338690278,Month-to-month,1,48.159149512519,16.225580502483503
45,111.89265336395545,Month-to-month,0,48.15114874030966,16.45985511266071
30,45.22410201733616,Month-to-month,0,48.16548419174669,16.349755935279997
16,95.50419287462783,Two year,0,48.1329241026473,16.288961276886077
40,66.053949727414,Month-to-month,0,48.13623437017,16.279533975124544
19,104.19985528900615,Two year,0,48.25813822038003,16.329603167679107
18,92.84906771616131,One year,0,48.17694651530149,16.499714849431093
1,97.64474464997247,Two year,0,48.187199036114116,16.266098218031274
47,85.61618376810715,Two year,0,48.21880989311336,16.2309649946637
66,37.74287694697068,Month-to-month,1,48.21793069903031,16.375510550615598
38,74.50269188969384,One year,0,48.113475374304386,16.346562739932075
51,118.46697395245081,One year,0,48.26630815726753,16.35725888131899
63,113.73880664971189,One year,0,48.13546531064479,16.400080625267165
4,24.31737357970117,One year,1,48.24461432720993,16.280143220961193
1,36.481481572943714,Two year,0,48.25453419762563,16.473199498615166
8,33.17287734545619,One year,1,48.24297990681826,16.330701619836688
29,92.59799099852955,Two year,0,48.215795529310824,16.23872585854274
55,101.77853298569451,Two year,0,48.10292179942178,16.422689627020183
3,41.35113663106719,Two year,1,48.17207509847263,16.392931305785353
32,70.5852692951829,One year,0,48.22096788587252,16.29472302074521
10,104.07030280112,Month-to-month,0,48.17749025918451,16.386455617210213
34,93.28015447662506,Month-to-month,1,48.27269597898256,16.265958586910692
55,74.22372054918483,One year,0,48.161760455069924,16.33345180780216
32,79.03476904587728,Month-to-month,0,48.158706958491734,16.469823756650197
50,70.836054691628,Month-to-month,0,48.15319953861853,16.240060269948223
7,49.75484513188206,Two year,0,48.16655617379216,16.316008934996237
8,76.50219928590161,Two year,0,48.21148099286284,16.446342727416106
65,88.88853020500906,One year,0,48.241403058854516,16.490847269821852
57,107.33229158608077,One year,0,48.23251358354776,16.33617784092654
67,83.62913539792481,Month-to-month,0,48.26154356399629,16.352099886043003
59,96.1121537043158,Two year,0,48.277182799099485,16.37165158853513
54,36.0071634954573,One year,1,48.263215808468665,16.479704442490114
67,66.15574744197899,One year,0,48.10378908067487,16.45746203729311
51,20.93316198270933,One year,1,48.2471835907104,16.251180337386494
8,44.66788645216231,One year,0,48.14167991472367,16.331027345354123
34,92.64617151130048,One year,0,48.126585608541596,16.339200128458927
35,119.18099513493634,One year,0,48.22769775695983,16.436728833494627
32,29.91780995872159,Month-to-month,0,48.16394863908154,16.38086786478163
