Year,Month,Region,Nationality,Visitors (1000s),Avg Stay (nights),Revenue (Million €)
2021,1,Tyrol,Germany,326,6,123.56392333709131
2021,1,Tyrol,Austria,94,6,35.62886133032694
2021,1,Tyrol,Netherlands,80,6,30.322435174746335
2021,1,Tyrol,UK,60,6,22.74182638105975
2021,1,Tyrol,USA,43,6,16.298308906426154
2021,1,Tyrol,China,40,6,15.161217587373168
2021,1,Tyrol,Switzerland,118,6,44.72559188275084
2021,1,Tyrol,Italy,39,6,14.78218714768884
2021,1,Tyrol,France,42,6,15.919278466741826
2021,1,Tyrol,Other,45,6,17.056369785794814
2021,2,Tyrol,Germany,294,6,98.53493449781661
2021,2,Tyrol,Austria,82,6,27.482532751091703
2021,2,Tyrol,Netherlands,95,6,31.839519650655024
2021,2,Tyrol,UK,76,6,25.471615720524017
2021,2,Tyrol,USA,49,6,16.42248908296943
2021,2,Tyrol,China,46,6,15.41703056768559
2021,2,Tyrol,Switzerland,130,6,43.569868995633186
2021,2,Tyrol,Italy,44,6,14.746724890829695
2021,2,Tyrol,France,58,6,19.43886462882096
2021,2,Tyrol,Other,42,6,14.0764192139738
2021,3,Tyrol,Germany,142,5,53.87328244274809
2021,3,Tyrol,Austria,42,5,15.934351145038168
2021,3,Tyrol,Netherlands,37,5,14.037404580152671
2021,3,Tyrol,UK,35,5,13.278625954198473
2021,3,Tyrol,USA,19,5,7.208396946564886
2021,3,Tyrol,China,14,5,5.311450381679389
2021,3,Tyrol,Switzerland,53,5,20.10763358778626
2021,3,Tyrol,Italy,25,5,9.48473282442748
2021,3,Tyrol,France,15,5,5.690839694656488
2021,3,Tyrol,Other,11,5,4.173282442748092
2021,4,Tyrol,Germany,128,4,33.239257294429706
2021,4,Tyrol,Austria,43,4,11.16631299734748
2021,4,Tyrol,Netherlands,42,4,10.90663129973475
2021,4,Tyrol,UK,32,4,8.309814323607426
2021,4,Tyrol,USA,13,4,3.3758620689655174
2021,4,Tyrol,China,18,4,4.674270557029177
2021,4,Tyrol,Switzerland,41,4,10.646949602122016
2021,4,Tyrol,Italy,20,4,5.193633952254642
2021,4,Tyrol,France,21,4,5.453315649867375
2021,4,Tyrol,Other,19,4,4.933952254641911
2021,5,Tyrol,Germany,145,6,39.84892086330935
2021,5,Tyrol,Austria,46,6,12.641726618705034
2021,5,Tyrol,Netherlands,46,6,12.641726618705034
2021,5,Tyrol,UK,40,6,10.992805755395683
2021,5,Tyrol,USA,20,6,5.496402877697841
2021,5,Tyrol,China,23,6,6.320863309352517
2021,5,Tyrol,Switzerland,49,6,13.466187050359713
2021,5,Tyrol,Italy,20,6,5.496402877697841
2021,5,Tyrol,France,14,6,3.847482014388489
2021,5,Tyrol,Other,14,6,3.847482014388489
2021,6,Tyrol,Germany,167,5,51.236854460093895
2021,6,Tyrol,Austria,42,5,12.885915492957745
2021,6,Tyrol,Netherlands,44,5,13.499530516431925
2021,6,Tyrol,UK,29,5,8.897417840375585
2021,6,Tyrol,USA,19,5,5.829342723004694
2021,6,Tyrol,China,21,5,6.442957746478872
2021,6,Tyrol,Switzerland,49,5,15.033568075117369
2021,6,Tyrol,Italy,15,5,4.602112676056338
2021,6,Tyrol,France,18,5,5.522535211267605
2021,6,Tyrol,Other,22,5,6.749765258215962
2021,7,Tyrol,Germany,161,5,49.76724137931035
2021,7,Tyrol,Austria,38,5,11.746305418719212
2021,7,Tyrol,Netherlands,41,5,12.673645320197044
2021,7,Tyrol,UK,21,5,6.491379310344827
2021,7,Tyrol,USA,21,5,6.491379310344827
2021,7,Tyrol,China,19,5,5.873152709359606
2021,7,Tyrol,Switzerland,46,5,14.219211822660098
2021,7,Tyrol,Italy,25,5,7.727832512315271
2021,7,Tyrol,France,15,5,4.636699507389163
2021,7,Tyrol,Other,19,5,5.873152709359606
2021,8,Tyrol,Germany,136,5,45.46702412868633
2021,8,Tyrol,Austria,35,5,11.70107238605898
2021,8,Tyrol,Netherlands,34,5,11.366756032171583
2021,8,Tyrol,UK,29,5,9.695174262734584
2021,8,Tyrol,USA,28,5,9.360857908847185
2021,8,Tyrol,China,16,5,5.349061662198392
2021,8,Tyrol,Switzerland,41,5,13.706970509383378
2021,8,Tyrol,Italy,20,5,6.68632707774799
2021,8,Tyrol,France,20,5,6.68632707774799
2021,8,Tyrol,Other,14,5,4.680428954423593
2021,9,Tyrol,Germany,147,5,30.11984536082474
2021,9,Tyrol,Austria,39,5,7.9909793814432994
2021,9,Tyrol,Netherlands,39,5,7.9909793814432994
2021,9,Tyrol,UK,37,5,7.5811855670103085
2021,9,Tyrol,USA,13,5,2.663659793814433
2021,9,Tyrol,China,16,5,3.2783505154639174
2021,9,Tyrol,Switzerland,37,5,7.5811855670103085
2021,9,Tyrol,Italy,24,5,4.917525773195877
2021,9,Tyrol,France,16,5,3.2783505154639174
2021,9,Tyrol,Other,20,5,4.097938144329897
2021,10,Tyrol,Germany,156,3,77.17101449275363
2021,10,Tyrol,Austria,41,3,20.282125603864735
2021,10,Tyrol,Netherlands,49,3,24.23961352657005
2021,10,Tyrol,UK,32,3,15.829951690821256
2021,10,Tyrol,USA,19,3,9.399033816425122
2021,10,Tyrol,China,17,3,8.409661835748793
2021,10,Tyrol,Switzerland,53,3,26.21835748792271
2021,10,Tyrol,Italy,14,3,6.925603864734299
2021,10,Tyrol,France,15,3,7.420289855072465
2021,10,Tyrol,Other,18,3,8.904347826086957
2021,11,Tyrol,Germany,134,4,52.997
2021,11,Tyrol,Austria,43,4,17.0065
2021,11,Tyrol,Netherlands,30,4,11.864999999999998
2021,11,Tyrol,UK,39,4,15.4245
2021,11,Tyrol,USA,18,4,7.118999999999999
2021,11,Tyrol,China,30,4,11.864999999999998
2021,11,Tyrol,Switzerland,47,4,18.588499999999996
2021,11,Tyrol,Italy,21,4,8.305499999999999
2021,11,Tyrol,France,22,4,8.700999999999999
2021,11,Tyrol,Other,16,4,6.327999999999999
2021,12,Tyrol,Germany,290,2,74.97722095671982
2021,12,Tyrol,Austria,81,2,20.941913439635538
2021,12,Tyrol,Netherlands,83,2,21.458997722095674
2021,12,Tyrol,UK,89,2,23.01025056947608
2021,12,Tyrol,USA,53,2,13.702733485193622
2021,12,Tyrol,China,57,2,14.736902050113896
2021,12,Tyrol,Switzerland,114,2,29.47380410022779
2021,12,Tyrol,Italy,38,2,9.824601366742597
2021,12,Tyrol,France,41,2,10.600227790432802
2021,12,Tyrol,Other,32,2,8.273348519362186
2021,1,Salzburg,Germany,371,4,137.64763014763014
2021,1,Salzburg,Austria,131,4,48.60334110334111
2021,1,Salzburg,Netherlands,126,4,46.74825174825175
2021,1,Salzburg,UK,126,4,46.74825174825175
2021,1,Salzburg,USA,70,4,25.97125097125097
2021,1,Salzburg,China,99,4,36.73076923076923
2021,1,Salzburg,Switzerland,128,4,47.49028749028749
2021,1,Salzburg,Italy,59,4,21.890054390054388
2021,1,Salzburg,France,109,4,40.440947940947936
2021,1,Salzburg,Other,68,4,25.22921522921523
2021,2,Salzburg,Germany,338,4,80.49618456078083
2021,2,Salzburg,Austria,108,4,25.7206743566992
2021,2,Salzburg,Netherlands,115,4,27.387755102040813
2021,2,Salzburg,UK,120,4,28.57852706299911
2021,2,Salzburg,USA,54,4,12.8603371783496
2021,2,Salzburg,China,90,4,21.433895297249336
2021,2,Salzburg,Switzerland,114,4,27.149600709849153
2021,2,Salzburg,Italy,66,4,15.71818988464951
2021,2,Salzburg,France,69,4,16.43265306122449
2021,2,Salzburg,Other,53,4,12.622182786157941
2021,3,Salzburg,Germany,155,2,61.69056261343014
2021,3,Salzburg,Austria,58,2,23.08421052631579
2021,3,Salzburg,Netherlands,62,2,24.676225045372053
2021,3,Salzburg,UK,57,2,22.686206896551724
2021,3,Salzburg,USA,19,2,7.562068965517241
2021,3,Salzburg,China,34,2,13.532123411978223
2021,3,Salzburg,Switzerland,70,2,27.860254083484573
2021,3,Salzburg,Italy,28,2,11.14410163339383
2021,3,Salzburg,France,40,2,15.920145190562614
2021,3,Salzburg,Other,28,2,11.14410163339383
2021,4,Salzburg,Germany,156,6,49.850922509225086
2021,4,Salzburg,Austria,66,6,21.090774907749076
2021,4,Salzburg,Netherlands,56,6,17.89520295202952
2021,4,Salzburg,UK,53,6,16.93653136531365
2021,4,Salzburg,USA,27,6,8.628044280442804
2021,4,Salzburg,China,53,6,16.93653136531365
2021,4,Salzburg,Switzerland,50,6,15.977859778597784
2021,4,Salzburg,Italy,23,6,7.349815498154982
2021,4,Salzburg,France,33,6,10.545387453874538
2021,4,Salzburg,Other,25,6,7.988929889298892
2021,5,Salzburg,Germany,170,4,75.83993660855785
2021,5,Salzburg,Austria,70,4,31.228209191759113
2021,5,Salzburg,Netherlands,74,4,33.01267828843106
2021,5,Salzburg,UK,60,4,26.76703645007924
2021,5,Salzburg,USA,36,4,16.060221870047545
2021,5,Salzburg,China,51,4,22.751980982567357
2021,5,Salzburg,Switzerland,62,4,27.659270998415213
2021,5,Salzburg,Italy,36,4,16.060221870047545
2021,5,Salzburg,France,45,4,20.07527733755943
2021,5,Salzburg,Other,27,4,12.045166402535656
2021,6,Salzburg,Germany,177,6,48.08149405772496
2021,6,Salzburg,Austria,51,6,13.853989813242784
2021,6,Salzburg,Netherlands,66,6,17.92869269949066
2021,6,Salzburg,UK,61,6,16.570458404074703
2021,6,Salzburg,USA,38,6,10.32258064516129
2021,6,Salzburg,China,32,6,8.69269949066214
2021,6,Salzburg,Switzerland,73,6,19.830220713073004
2021,6,Salzburg,Italy,27,6,7.33446519524618
2021,6,Salzburg,France,37,6,10.050933786078097
2021,6,Salzburg,Other,27,6,7.33446519524618
2021,7,Salzburg,Germany,156,6,44.91977401129944
2021,7,Salzburg,Austria,61,6,17.564783427495293
2021,7,Salzburg,Netherlands,44,6,12.669679849340868
2021,7,Salzburg,UK,49,6,14.109416195856875
2021,7,Salzburg,USA,34,6,9.790207156308853
2021,7,Salzburg,China,49,6,14.109416195856875
2021,7,Salzburg,Switzerland,47,6,13.53352165725047
2021,7,Salzburg,Italy,28,6,8.062523540489643
2021,7,Salzburg,France,42,6,12.093785310734464
2021,7,Salzburg,Other,21,6,6.046892655367232
2021,8,Salzburg,Germany,154,6,41.09566854990583
2021,8,Salzburg,Austria,52,6,13.876459510357813
2021,8,Salzburg,Netherlands,53,6,14.143314500941619
2021,8,Salzburg,UK,43,6,11.474764595103577
2021,8,Salzburg,USA,25,6,6.671374764595103
2021,8,Salzburg,China,47,6,12.542184557438793
2021,8,Salzburg,Switzerland,48,6,12.809039548022598
2021,8,Salzburg,Italy,36,6,9.60677966101695
2021,8,Salzburg,France,40,6,10.674199623352164
2021,8,Salzburg,Other,33,6,8.806214689265536
2021,9,Salzburg,Germany,164,3,55.86715063520871
2021,9,Salzburg,Austria,50,3,17.03266787658802
2021,9,Salzburg,Netherlands,53,3,18.054627949183303
2021,9,Salzburg,UK,51,3,17.373321234119782
2021,9,Salzburg,USA,18,3,6.131760435571687
2021,9,Salzburg,China,44,3,14.988747731397458
2021,9,Salzburg,Switzerland,59,3,20.098548094373864
2021,9,Salzburg,Italy,33,3,11.241560798548093
2021,9,Salzburg,France,44,3,14.988747731397458
2021,9,Salzburg,Other,35,3,11.922867513611614
2021,10,Salzburg,Germany,173,2,48.088135593220336
2021,10,Salzburg,Austria,53,2,14.732203389830508
2021,10,Salzburg,Netherlands,49,2,13.620338983050848
2021,10,Salzburg,UK,53,2,14.732203389830508
2021,10,Salzburg,USA,33,2,9.172881355932203
2021,10,Salzburg,China,31,2,8.616949152542372
2021,10,Salzburg,Switzerland,40,2,11.118644067796609
2021,10,Salzburg,Italy,25,2,6.949152542372881
2021,10,Salzburg,France,44,2,12.230508474576272
2021,10,Salzburg,Other,30,2,8.338983050847457
2021,11,Salzburg,Germany,147,2,30.014828897338404
2021,11,Salzburg,Austria,61,2,12.45513307984791
2021,11,Salzburg,Netherlands,55,2,11.23003802281369
2021,11,Salzburg,UK,56,2,11.434220532319392
2021,11,Salzburg,USA,31,2,6.329657794676806
2021,11,Salzburg,China,46,2,9.392395437262358
2021,11,Salzburg,Switzerland,53,2,10.821673003802282
2021,11,Salzburg,Italy,23,2,4.696197718631179
2021,11,Salzburg,France,32,2,6.53384030418251
2021,11,Salzburg,Other,22,2,4.4920152091254755
2021,12,Salzburg,Germany,396,2,144.77259036144576
2021,12,Salzburg,Austria,144,2,52.644578313253014
2021,12,Salzburg,Netherlands,117,2,42.77371987951807
2021,12,Salzburg,UK,138,2,50.45105421686747
2021,12,Salzburg,USA,62,2,22.6664156626506
2021,12,Salzburg,China,94,2,34.3652108433735
2021,12,Salzburg,Switzerland,137,2,50.08546686746988
2021,12,Salzburg,Italy,72,2,26.322289156626507
2021,12,Salzburg,France,79,2,28.881400602409638
2021,12,Salzburg,Other,89,2,32.537274096385545
2021,1,Vienna,Germany,125,1,34.68992248062015
2021,1,Vienna,Austria,87,1,24.144186046511624
2021,1,Vienna,Netherlands,41,1,11.37829457364341
2021,1,Vienna,UK,51,1,14.15348837209302
2021,1,Vienna,USA,33,1,9.15813953488372
2021,1,Vienna,China,61,1,16.928682170542636
2021,1,Vienna,Switzerland,31,1,8.603100775193798
2021,1,Vienna,Italy,24,1,6.660465116279069
2021,1,Vienna,France,37,1,10.268217054263566
2021,1,Vienna,Other,26,1,7.215503875968992
2021,2,Vienna,Germany,122,2,32.59645232815964
2021,2,Vienna,Austria,74,2,19.771618625277164
2021,2,Vienna,Netherlands,34,2,9.084257206208425
2021,2,Vienna,UK,42,2,11.221729490022172
2021,2,Vienna,USA,27,2,7.213968957871397
2021,2,Vienna,China,49,2,13.092017738359202
2021,2,Vienna,Switzerland,24,2,6.412416851441241
2021,2,Vienna,Italy,22,2,5.878048780487805
2021,2,Vienna,France,39,2,10.420177383592018
2021,2,Vienna,Other,18,2,4.809312638580931
2021,3,Vienna,Germany,120,1,33.961783439490446
2021,3,Vienna,Austria,73,1,20.660084925690022
2021,3,Vienna,Netherlands,36,1,10.188535031847135
2021,3,Vienna,UK,44,1,12.452653927813163
2021,3,Vienna,USA,31,1,8.773460721868366
2021,3,Vienna,China,59,1,16.69787685774947
2021,3,Vienna,Switzerland,15,1,4.245222929936306
2021,3,Vienna,Italy,24,1,6.79235668789809
2021,3,Vienna,France,46,1,13.018683651804674
2021,3,Vienna,Other,23,1,6.509341825902337
2021,4,Vienna,Germany,121,1,56.52725321888411
2021,4,Vienna,Austria,64,1,29.89871244635193
2021,4,Vienna,Netherlands,30,1,14.015021459227466
2021,4,Vienna,UK,51,1,23.825536480686694
2021,4,Vienna,USA,33,1,15.416523605150214
2021,4,Vienna,China,54,1,25.22703862660944
2021,4,Vienna,Switzerland,19,1,8.876180257510729
2021,4,Vienna,Italy,22,1,10.277682403433477
2021,4,Vienna,France,47,1,21.9568669527897
2021,4,Vienna,Other,25,1,11.679184549356222
2021,5,Vienna,Germany,120,3,27.173333333333336
2021,5,Vienna,Austria,77,3,17.436222222222224
2021,5,Vienna,Netherlands,28,3,6.3404444444444445
2021,5,Vienna,UK,34,3,7.699111111111112
2021,5,Vienna,USA,23,3,5.208222222222223
2021,5,Vienna,China,66,3,14.945333333333334
2021,5,Vienna,Switzerland,30,3,6.793333333333334
2021,5,Vienna,Italy,22,3,4.981777777777778
2021,5,Vienna,France,34,3,7.699111111111112
2021,5,Vienna,Other,16,3,3.623111111111111
2021,6,Vienna,Germany,224,1,85.82138919514884
2021,6,Vienna,Austria,132,1,50.573318632855575
2021,6,Vienna,Netherlands,62,1,23.754134509371553
2021,6,Vienna,UK,102,1,39.07938257993385
2021,6,Vienna,USA,53,1,20.305953693495038
2021,6,Vienna,China,110,1,42.14443219404631
2021,6,Vienna,Switzerland,47,1,18.007166482910694
2021,6,Vienna,Italy,41,1,15.70837927232635
2021,6,Vienna,France,86,1,32.94928335170893
2021,6,Vienna,Other,50,1,19.156560088202866
2021,7,Vienna,Germany,244,2,117.10069238377844
2021,7,Vienna,Austria,148,2,71.02828882294757
2021,7,Vienna,Netherlands,92,2,44.15272007912957
2021,7,Vienna,UK,98,2,47.0322453016815
2021,7,Vienna,USA,74,2,35.51414441147379
2021,7,Vienna,China,130,2,62.38971315529179
2021,7,Vienna,Switzerland,46,2,22.076360039564786
2021,7,Vienna,Italy,52,2,24.955885262116713
2021,7,Vienna,France,79,2,37.913748763600395
2021,7,Vienna,Other,48,2,23.036201780415432
2021,8,Vienna,Germany,220,3,85.41637010676156
2021,8,Vienna,Austria,125,3,48.53202846975089
2021,8,Vienna,Netherlands,74,3,28.730960854092526
2021,8,Vienna,UK,86,3,33.39003558718861
2021,8,Vienna,USA,61,3,23.683629893238436
2021,8,Vienna,China,108,3,41.93167259786477
2021,8,Vienna,Switzerland,44,3,17.083274021352313
2021,8,Vienna,Italy,35,3,13.588967971530248
2021,8,Vienna,France,57,3,22.130604982206407
2021,8,Vienna,Other,33,3,12.812455516014236
2021,9,Vienna,Germany,123,3,60.001923076923084
2021,9,Vienna,Austria,76,3,37.07435897435898
2021,9,Vienna,Netherlands,38,3,18.53717948717949
2021,9,Vienna,UK,43,3,20.976282051282055
2021,9,Vienna,USA,39,3,19.025
2021,9,Vienna,China,45,3,21.95192307692308
2021,9,Vienna,Switzerland,26,3,12.683333333333334
2021,9,Vienna,Italy,20,3,9.756410256410257
2021,9,Vienna,France,41,3,20.000641025641027
2021,9,Vienna,Other,17,3,8.292948717948718
2021,10,Vienna,Germany,97,2,46.59072398190045
2021,10,Vienna,Austria,80,2,38.425339366515836
2021,10,Vienna,Netherlands,44,2,21.13393665158371
2021,10,Vienna,UK,50,2,24.0158371040724
2021,10,Vienna,USA,26,2,12.488235294117647
2021,10,Vienna,China,57,2,27.37805429864254
2021,10,Vienna,Switzerland,17,2,8.165384615384616
2021,10,Vienna,Italy,19,2,9.126018099547512
2021,10,Vienna,France,32,2,15.370135746606337
2021,10,Vienna,Other,20,2,9.606334841628959
2021,11,Vienna,Germany,129,2,43.83040152963671
2021,11,Vienna,Austria,71,2,24.12370936902485
2021,11,Vienna,Netherlands,58,2,19.706692160611855
2021,11,Vienna,UK,47,2,15.969216061185469
2021,11,Vienna,USA,34,2,11.552198852772467
2021,11,Vienna,China,69,2,23.44416826003824
2021,11,Vienna,Switzerland,22,2,7.4749521988527725
2021,11,Vienna,Italy,22,2,7.4749521988527725
2021,11,Vienna,France,44,2,14.949904397705545
2021,11,Vienna,Other,27,2,9.173804971319312
2021,12,Vienna,Germany,144,1,35.209090909090904
2021,12,Vienna,Austria,70,1,17.1155303030303
2021,12,Vienna,Netherlands,48,1,11.736363636363636
2021,12,Vienna,UK,55,1,13.447916666666666
2021,12,Vienna,USA,30,1,7.3352272727272725
2021,12,Vienna,China,66,1,16.1375
2021,12,Vienna,Switzerland,24,1,5.868181818181818
2021,12,Vienna,Italy,24,1,5.868181818181818
2021,12,Vienna,France,41,1,10.024810606060605
2021,12,Vienna,Other,26,1,6.357196969696969
2021,1,Carinthia,Germany,188,6,41.86971830985915
2021,1,Carinthia,Austria,58,6,12.91725352112676
2021,1,Carinthia,Netherlands,57,6,12.694542253521128
2021,1,Carinthia,UK,55,6,12.249119718309858
2021,1,Carinthia,USA,32,6,7.126760563380282
2021,1,Carinthia,China,49,6,10.912852112676056
2021,1,Carinthia,Switzerland,47,6,10.467429577464788
2021,1,Carinthia,Italy,22,6,4.899647887323943
2021,1,Carinthia,France,40,6,8.908450704225352
2021,1,Carinthia,Other,20,6,4.454225352112676
2021,2,Carinthia,Germany,187,2,49.0506309148265
2021,2,Carinthia,Austria,58,2,15.213564668769717
2021,2,Carinthia,Netherlands,52,2,13.639747634069401
2021,2,Carinthia,UK,72,2,18.885804416403786
2021,2,Carinthia,USA,26,2,6.819873817034701
2021,2,Carinthia,China,54,2,14.16435331230284
2021,2,Carinthia,Switzerland,71,2,18.62350157728707
2021,2,Carinthia,Italy,27,2,7.08217665615142
2021,2,Carinthia,France,43,2,11.279022082018928
2021,2,Carinthia,Other,44,2,11.541324921135647
2021,3,Carinthia,Germany,168,3,62.12774869109947
2021,3,Carinthia,Austria,56,3,20.709249563699824
2021,3,Carinthia,Netherlands,67,3,24.777137870855146
2021,3,Carinthia,UK,46,3,17.011169284467712
2021,3,Carinthia,USA,28,3,10.354624781849912
2021,3,Carinthia,China,48,3,17.75078534031414
2021,3,Carinthia,Switzerland,62,3,22.92809773123909
2021,3,Carinthia,Italy,32,3,11.833856893542759
2021,3,Carinthia,France,41,3,15.162129144851658
2021,3,Carinthia,Other,25,3,9.245200698080279
2021,4,Carinthia,Germany,211,6,53.31577287066246
2021,4,Carinthia,Austria,63,6,15.918927444794953
2021,4,Carinthia,Netherlands,59,6,14.90820189274448
2021,4,Carinthia,UK,64,6,16.171608832807568
2021,4,Carinthia,USA,31,6,7.833123028391167
2021,4,Carinthia,China,49,6,12.381388012618297
2021,4,Carinthia,Switzerland,61,6,15.413564668769714
2021,4,Carinthia,Italy,31,6,7.833123028391167
2021,4,Carinthia,France,40,6,10.107255520504731
2021,4,Carinthia,Other,25,6,6.317034700315457
2021,5,Carinthia,Germany,199,3,63.48290734824281
2021,5,Carinthia,Austria,54,3,17.226517571884983
2021,5,Carinthia,Netherlands,66,3,21.054632587859423
2021,5,Carinthia,UK,63,3,20.097603833865815
2021,5,Carinthia,USA,31,3,9.889297124600638
2021,5,Carinthia,China,39,3,12.441373801916932
2021,5,Carinthia,Switzerland,63,3,20.097603833865815
2021,5,Carinthia,Italy,32,3,10.208306709265175
2021,5,Carinthia,France,51,3,16.269488817891375
2021,5,Carinthia,Other,28,3,8.932268370607028
2021,6,Carinthia,Germany,187,6,79.98644067796612
2021,6,Carinthia,Austria,59,6,25.236363636363638
2021,6,Carinthia,Netherlands,61,6,26.091833590138677
2021,6,Carinthia,UK,76,6,32.507858243451466
2021,6,Carinthia,USA,30,6,12.832049306625578
2021,6,Carinthia,China,57,6,24.3808936825886
2021,6,Carinthia,Switzerland,67,6,28.658243451463793
2021,6,Carinthia,Italy,38,6,16.253929121725733
2021,6,Carinthia,France,47,6,20.103543913713406
2021,6,Carinthia,Other,27,6,11.548844375963021
2021,7,Carinthia,Germany,187,4,68.85133858267717
2021,7,Carinthia,Austria,55,4,20.250393700787402
2021,7,Carinthia,Netherlands,68,4,25.03685039370079
2021,7,Carinthia,UK,49,4,18.041259842519686
2021,7,Carinthia,USA,32,4,11.782047244094489
2021,7,Carinthia,China,55,4,20.250393700787402
2021,7,Carinthia,Switzerland,72,4,26.5096062992126
2021,7,Carinthia,Italy,34,4,12.518425196850394
2021,7,Carinthia,France,52,4,19.145826771653542
2021,7,Carinthia,Other,31,4,11.413858267716536
2021,8,Carinthia,Germany,187,5,92.60526315789473
2021,8,Carinthia,Austria,68,5,33.67464114832536
2021,8,Carinthia,Netherlands,67,5,33.17942583732057
2021,8,Carinthia,UK,65,5,32.188995215311
2021,8,Carinthia,USA,21,5,10.39952153110048
2021,8,Carinthia,China,40,5,19.808612440191386
2021,8,Carinthia,Switzerland,72,5,35.655502392344495
2021,8,Carinthia,Italy,34,5,16.83732057416268
2021,8,Carinthia,France,36,5,17.827751196172247
2021,8,Carinthia,Other,37,5,18.322966507177032
2021,9,Carinthia,Germany,164,4,77.25643738977072
2021,9,Carinthia,Austria,68,4,32.0331569664903
2021,9,Carinthia,Netherlands,66,4,31.091005291005292
2021,9,Carinthia,UK,51,4,24.024867724867725
2021,9,Carinthia,USA,19,4,8.950440917107583
2021,9,Carinthia,China,55,4,25.909171075837744
2021,9,Carinthia,Switzerland,53,4,24.967019400352733
2021,9,Carinthia,Italy,28,4,13.190123456790124
2021,9,Carinthia,France,37,4,17.429805996472663
2021,9,Carinthia,Other,26,4,12.247971781305115
2021,10,Carinthia,Germany,165,4,70.54591836734693
2021,10,Carinthia,Austria,69,4,29.501020408163267
2021,10,Carinthia,Netherlands,58,4,24.79795918367347
2021,10,Carinthia,UK,51,4,21.805102040816326
2021,10,Carinthia,USA,34,4,14.536734693877552
2021,10,Carinthia,China,38,4,16.246938775510205
2021,10,Carinthia,Switzerland,61,4,26.08061224489796
2021,10,Carinthia,Italy,38,4,16.246938775510205
2021,10,Carinthia,France,43,4,18.38469387755102
2021,10,Carinthia,Other,31,4,13.254081632653062
2021,11,Carinthia,Germany,174,6,86.56499999999998
2021,11,Carinthia,Austria,70,6,34.824999999999996
2021,11,Carinthia,Netherlands,48,6,23.88
2021,11,Carinthia,UK,71,6,35.3225
2021,11,Carinthia,USA,39,6,19.4025
2021,11,Carinthia,China,74,6,36.815
2021,11,Carinthia,Switzerland,63,6,31.342499999999998
2021,11,Carinthia,Italy,35,6,17.412499999999998
2021,11,Carinthia,France,31,6,15.4225
2021,11,Carinthia,Other,35,6,17.412499999999998
2021,12,Carinthia,Germany,180,3,42.95921696574225
2021,12,Carinthia,Austria,56,3,13.36508972267537
2021,12,Carinthia,Netherlands,60,3,14.319738988580752
2021,12,Carinthia,UK,61,3,14.558401305057096
2021,12,Carinthia,USA,39,3,9.307830342577489
2021,12,Carinthia,China,42,3,10.023817292006527
2021,12,Carinthia,Switzerland,64,3,15.274388254486135
2021,12,Carinthia,Italy,29,3,6.92120717781403
2021,12,Carinthia,France,46,3,10.97846655791191
2021,12,Carinthia,Other,36,3,8.591843393148451
2021,1,Styria,Germany,175,6,58.3974358974359
2021,1,Styria,Austria,63,6,21.02307692307692
2021,1,Styria,Netherlands,60,6,20.021978021978022
2021,1,Styria,UK,47,6,15.683882783882783
2021,1,Styria,USA,25,6,8.342490842490841
2021,1,Styria,China,29,6,9.677289377289377
2021,1,Styria,Switzerland,62,6,20.689377289377287
2021,1,Styria,Italy,29,6,9.677289377289377
2021,1,Styria,France,30,6,10.010989010989011
2021,1,Styria,Other,26,6,8.676190476190476
2021,2,Styria,Germany,140,4,39.46777546777547
2021,2,Styria,Austria,51,4,14.377546777546778
2021,2,Styria,Netherlands,55,4,15.505197505197506
2021,2,Styria,UK,51,4,14.377546777546778
2021,2,Styria,USA,25,4,7.047817047817048
2021,2,Styria,China,36,4,10.14885654885655
2021,2,Styria,Switzerland,41,4,11.55841995841996
2021,2,Styria,Italy,27,4,7.6116424116424115
2021,2,Styria,France,29,4,8.175467775467775
2021,2,Styria,Other,26,4,7.3297297297297295
2021,3,Styria,Germany,167,5,34.29025735294118
2021,3,Styria,Austria,53,5,10.882536764705883
2021,3,Styria,Netherlands,48,5,9.855882352941178
2021,3,Styria,UK,53,5,10.882536764705883
2021,3,Styria,USA,28,5,5.749264705882353
2021,3,Styria,China,47,5,9.650551470588235
2021,3,Styria,Switzerland,52,5,10.67720588235294
2021,3,Styria,Italy,38,5,7.802573529411765
2021,3,Styria,France,38,5,7.802573529411765
2021,3,Styria,Other,20,5,4.106617647058823
2021,4,Styria,Germany,165,3,56.753465346534654
2021,4,Styria,Austria,55,3,18.917821782178216
2021,4,Styria,Netherlands,40,3,13.758415841584158
2021,4,Styria,UK,44,3,15.134257425742572
2021,4,Styria,USA,20,3,6.879207920792079
2021,4,Styria,China,38,3,13.070495049504949
2021,4,Styria,Switzerland,47,3,16.166138613861385
2021,4,Styria,Italy,26,3,8.942970297029701
2021,4,Styria,France,48,3,16.51009900990099
2021,4,Styria,Other,22,3,7.567128712871286
2021,5,Styria,Germany,133,3,65.58669527896996
2021,5,Styria,Austria,56,3,27.615450643776825
2021,5,Styria,Netherlands,40,3,19.72532188841202
2021,5,Styria,UK,57,3,28.108583690987125
2021,5,Styria,USA,24,3,11.83519313304721
2021,5,Styria,China,42,3,20.71158798283262
2021,5,Styria,Switzerland,48,3,23.67038626609442
2021,5,Styria,Italy,13,3,6.410729613733906
2021,5,Styria,France,34,3,16.766523605150216
2021,5,Styria,Other,19,3,9.369527896995708
2021,6,Styria,Germany,155,3,33.809760956175296
2021,6,Styria,Austria,45,3,9.81573705179283
2021,6,Styria,Netherlands,45,3,9.81573705179283
2021,6,Styria,UK,49,3,10.68824701195219
2021,6,Styria,USA,19,3,4.144422310756973
2021,6,Styria,China,41,3,8.943227091633466
2021,6,Styria,Switzerland,61,3,13.305776892430279
2021,6,Styria,Italy,24,3,5.235059760956175
2021,6,Styria,France,28,3,6.107569721115538
2021,6,Styria,Other,35,3,7.6344621513944215
2021,7,Styria,Germany,156,2,55.24155844155844
2021,7,Styria,Austria,46,2,16.28917748917749
2021,7,Styria,Netherlands,46,2,16.28917748917749
2021,7,Styria,UK,47,2,16.643290043290044
2021,7,Styria,USA,25,2,8.852813852813853
2021,7,Styria,China,31,2,10.977489177489177
2021,7,Styria,Switzerland,44,2,15.580952380952379
2021,7,Styria,Italy,21,2,7.4363636363636365
2021,7,Styria,France,28,2,9.915151515151516
2021,7,Styria,Other,18,2,6.374025974025973
2021,8,Styria,Germany,164,6,74.82901960784314
2021,8,Styria,Austria,35,6,15.969607843137256
2021,8,Styria,Netherlands,45,6,20.53235294117647
2021,8,Styria,UK,50,6,22.813725490196077
2021,8,Styria,USA,26,6,11.863137254901961
2021,8,Styria,China,49,6,22.35745098039216
2021,8,Styria,Switzerland,64,6,29.20156862745098
2021,8,Styria,Italy,20,6,9.125490196078431
2021,8,Styria,France,39,6,17.794705882352943
2021,8,Styria,Other,18,6,8.212941176470588
2021,9,Styria,Germany,132,3,44.18526315789474
2021,9,Styria,Austria,39,3,13.054736842105264
2021,9,Styria,Netherlands,67,3,22.427368421052634
2021,9,Styria,UK,51,3,17.071578947368423
2021,9,Styria,USA,24,3,8.033684210526316
2021,9,Styria,China,40,3,13.389473684210525
2021,9,Styria,Switzerland,37,3,12.385263157894737
2021,9,Styria,Italy,20,3,6.694736842105263
2021,9,Styria,France,41,3,13.724210526315789
2021,9,Styria,Other,24,3,8.033684210526316
2021,10,Styria,Germany,136,2,32.19352051835853
2021,10,Styria,Austria,48,2,11.362419006479481
2021,10,Styria,Netherlands,46,2,10.888984881209502
2021,10,Styria,UK,37,2,8.7585313174946
2021,10,Styria,USA,26,2,6.154643628509719
2021,10,Styria,China,28,2,6.6280777537796975
2021,10,Styria,Switzerland,53,2,12.546004319654426
2021,10,Styria,Italy,18,2,4.260907127429805
2021,10,Styria,France,44,2,10.415550755939524
2021,10,Styria,Other,27,2,6.391360691144708
2021,11,Styria,Germany,161,3,67.59565217391305
2021,11,Styria,Austria,57,3,23.931379962192818
2021,11,Styria,Netherlands,47,3,19.73289224952741
2021,11,Styria,UK,52,3,21.832136105860112
2021,11,Styria,USA,37,3,15.534404536862004
2021,11,Styria,China,48,3,20.15274102079395
2021,11,Styria,Switzerland,44,3,18.47334593572779
2021,11,Styria,Italy,29,3,12.175614366729679
2021,11,Styria,France,29,3,12.175614366729679
2021,11,Styria,Other,25,3,10.496219281663516
2021,12,Styria,Germany,132,2,53.700639658848615
2021,12,Styria,Austria,39,2,15.866098081023456
2021,12,Styria,Netherlands,49,2,19.934328358208955
2021,12,Styria,UK,56,2,22.78208955223881
2021,12,Styria,USA,26,2,10.577398720682304
2021,12,Styria,China,45,2,18.307036247334757
2021,12,Styria,Switzerland,53,2,21.561620469083156
2021,12,Styria,Italy,21,2,8.543283582089552
2021,12,Styria,France,36,2,14.645628997867806
2021,12,Styria,Other,12,2,4.881876332622602
2022,1,Tyrol,Germany,360,6,113.08695652173913
2022,1,Tyrol,Austria,109,6,34.24021739130435
2022,1,Tyrol,Netherlands,89,6,27.957608695652173
2022,1,Tyrol,UK,75,6,23.559782608695652
2022,1,Tyrol,USA,57,6,17.905434782608694
2022,1,Tyrol,China,39,6,12.251086956521737
2022,1,Tyrol,Switzerland,133,6,41.77934782608695
2022,1,Tyrol,Italy,48,6,15.078260869565215
2022,1,Tyrol,France,52,6,16.33478260869565
2022,1,Tyrol,Other,50,6,15.706521739130434
2022,2,Tyrol,Germany,323,3,133.9438444924406
2022,2,Tyrol,Austria,91,3,37.73650107991361
2022,2,Tyrol,Netherlands,80,3,33.17494600431965
2022,2,Tyrol,UK,75,3,31.101511879049678
2022,2,Tyrol,USA,51,3,21.14902807775378
2022,2,Tyrol,China,42,3,17.41684665226782
2022,2,Tyrol,Switzerland,113,3,46.85961123110151
2022,2,Tyrol,Italy,58,3,24.05183585313175
2022,2,Tyrol,France,41,3,17.002159827213823
2022,2,Tyrol,Other,52,3,21.563714902807774
2022,3,Tyrol,Germany,153,2,56.65576923076924
2022,3,Tyrol,Austria,43,2,15.92286324786325
2022,3,Tyrol,Netherlands,48,2,17.774358974358975
2022,3,Tyrol,UK,52,2,19.255555555555556
2022,3,Tyrol,USA,20,2,7.405982905982906
2022,3,Tyrol,China,27,2,9.998076923076924
2022,3,Tyrol,Switzerland,53,2,19.625854700854703
2022,3,Tyrol,Italy,23,2,8.516880341880341
2022,3,Tyrol,France,26,2,9.627777777777778
2022,3,Tyrol,Other,23,2,8.516880341880341
2022,4,Tyrol,Germany,152,5,37.213793103448275
2022,4,Tyrol,Austria,37,5,9.058620689655173
2022,4,Tyrol,Netherlands,40,5,9.793103448275863
2022,4,Tyrol,UK,34,5,8.324137931034482
2022,4,Tyrol,USA,21,5,5.141379310344828
2022,4,Tyrol,China,16,5,3.917241379310345
2022,4,Tyrol,Switzerland,46,5,11.262068965517242
2022,4,Tyrol,Italy,16,5,3.917241379310345
2022,4,Tyrol,France,20,5,4.8965517241379315
2022,4,Tyrol,Other,24,5,5.875862068965517
2022,5,Tyrol,Germany,157,3,50.449333333333335
2022,5,Tyrol,Austria,47,3,15.102666666666668
2022,5,Tyrol,Netherlands,48,3,15.424000000000001
2022,5,Tyrol,UK,40,3,12.853333333333333
2022,5,Tyrol,USA,16,3,5.141333333333333
2022,5,Tyrol,China,28,3,8.997333333333332
2022,5,Tyrol,Switzerland,52,3,16.709333333333333
2022,5,Tyrol,Italy,18,3,5.784
2022,5,Tyrol,France,21,3,6.748
2022,5,Tyrol,Other,23,3,7.390666666666667
2022,6,Tyrol,Germany,131,2,58.90124069478908
2022,6,Tyrol,Austria,43,2,19.33399503722084
2022,6,Tyrol,Netherlands,45,2,20.233250620347395
2022,6,Tyrol,UK,25,2,11.240694789081886
2022,6,Tyrol,USA,33,2,14.837717121588087
2022,6,Tyrol,China,19,2,8.542928039702232
2022,6,Tyrol,Switzerland,49,2,22.031761786600494
2022,6,Tyrol,Italy,15,2,6.744416873449131
2022,6,Tyrol,France,27,2,12.139950372208435
2022,6,Tyrol,Other,16,2,7.194044665012407
2022,7,Tyrol,Germany,163,2,40.94790286975717
2022,7,Tyrol,Austria,53,2,13.314348785871964
2022,7,Tyrol,Netherlands,40,2,10.048565121412803
2022,7,Tyrol,UK,31,2,7.787637969094923
2022,7,Tyrol,USA,17,2,4.270640176600441
2022,7,Tyrol,China,32,2,8.038852097130242
2022,7,Tyrol,Switzerland,45,2,11.304635761589402
2022,7,Tyrol,Italy,27,2,6.782781456953642
2022,7,Tyrol,France,20,2,5.024282560706402
2022,7,Tyrol,Other,25,2,6.280353200883002
2022,8,Tyrol,Germany,148,5,57.289277899343546
2022,8,Tyrol,Austria,41,5,15.870678336980308
2022,8,Tyrol,Netherlands,46,5,17.806126914660833
2022,8,Tyrol,UK,42,5,16.25776805251641
2022,8,Tyrol,USA,18,5,6.967614879649891
2022,8,Tyrol,China,33,5,12.773960612691468
2022,8,Tyrol,Switzerland,52,5,20.128665207877464
2022,8,Tyrol,Italy,25,5,9.677242888402626
2022,8,Tyrol,France,26,5,10.064332603938732
2022,8,Tyrol,Other,26,5,10.064332603938732
2022,9,Tyrol,Germany,164,4,71.46755555555556
2022,9,Tyrol,Austria,48,4,20.917333333333335
2022,9,Tyrol,Netherlands,47,4,20.481555555555556
2022,9,Tyrol,UK,35,4,15.252222222222223
2022,9,Tyrol,USA,25,4,10.894444444444444
2022,9,Tyrol,China,18,4,7.844
2022,9,Tyrol,Switzerland,49,4,21.353111111111108
2022,9,Tyrol,Italy,18,4,7.844
2022,9,Tyrol,France,29,4,12.637555555555554
2022,9,Tyrol,Other,17,4,7.408222222222222
2022,10,Tyrol,Germany,144,3,64.31785714285715
2022,10,Tyrol,Austria,59,3,26.35245535714286
2022,10,Tyrol,Netherlands,43,3,19.206026785714286
2022,10,Tyrol,UK,28,3,12.50625
2022,10,Tyrol,USA,22,3,9.826339285714285
2022,10,Tyrol,China,17,3,7.593080357142856
2022,10,Tyrol,Switzerland,59,3,26.35245535714286
2022,10,Tyrol,Italy,33,3,14.739508928571428
2022,10,Tyrol,France,22,3,9.826339285714285
2022,10,Tyrol,Other,21,3,9.3796875
2022,11,Tyrol,Germany,177,5,51.96397515527951
2022,11,Tyrol,Austria,43,5,12.624016563146998
2022,11,Tyrol,Netherlands,47,5,13.798343685300207
2022,11,Tyrol,UK,40,5,11.743271221532092
2022,11,Tyrol,USA,17,5,4.990890269151139
2022,11,Tyrol,China,28,5,8.220289855072464
2022,11,Tyrol,Switzerland,67,5,19.669979296066252
2022,11,Tyrol,Italy,31,5,9.101035196687372
2022,11,Tyrol,France,12,5,3.5229813664596272
2022,11,Tyrol,Other,21,5,6.165217391304348
2022,12,Tyrol,Germany,367,4,92.18059566787004
2022,12,Tyrol,Austria,119,4,29.88962093862816
2022,12,Tyrol,Netherlands,103,4,25.870848375451267
2022,12,Tyrol,UK,95,4,23.861462093862816
2022,12,Tyrol,USA,54,4,13.563357400722023
2022,12,Tyrol,China,68,4,17.079783393501806
2022,12,Tyrol,Switzerland,138,4,34.66191335740072
2022,12,Tyrol,Italy,54,4,13.563357400722023
2022,12,Tyrol,France,54,4,13.563357400722023
2022,12,Tyrol,Other,56,4,14.065703971119133
2022,1,Salzburg,Germany,348,3,89.4
2022,1,Salzburg,Austria,112,3,28.77241379310345
2022,1,Salzburg,Netherlands,102,3,26.20344827586207
2022,1,Salzburg,UK,105,3,26.974137931034484
2022,1,Salzburg,USA,45,3,11.560344827586206
2022,1,Salzburg,China,91,3,23.377586206896552
2022,1,Salzburg,Switzerland,123,3,31.598275862068967
2022,1,Salzburg,Italy,51,3,13.101724137931035
2022,1,Salzburg,France,71,3,18.239655172413794
2022,1,Salzburg,Other,54,3,13.87241379310345
2022,2,Salzburg,Germany,374,3,123.89109062980032
2022,2,Salzburg,Austria,116,3,38.42611367127496
2022,2,Salzburg,Netherlands,138,3,45.71382488479263
2022,2,Salzburg,UK,127,3,42.069969278033795
2022,2,Salzburg,USA,63,3,20.86935483870968
2022,2,Salzburg,China,114,3,37.76359447004608
2022,2,Salzburg,Switzerland,137,3,45.382565284178185
2022,2,Salzburg,Italy,70,3,23.188172043010752
2022,2,Salzburg,France,94,3,31.138402457757294
2022,2,Salzburg,Other,69,3,22.856912442396315
2022,3,Salzburg,Germany,168,6,53.1369150779896
2022,3,Salzburg,Austria,70,6,22.140381282495667
2022,3,Salzburg,Netherlands,63,6,19.926343154246098
2022,3,Salzburg,UK,59,6,18.66117850953206
2022,3,Salzburg,USA,32,6,10.121317157712305
2022,3,Salzburg,China,40,6,12.651646447140381
2022,3,Salzburg,Switzerland,51,6,16.130849220103986
2022,3,Salzburg,Italy,33,6,10.437608318890815
2022,3,Salzburg,France,33,6,10.437608318890815
2022,3,Salzburg,Other,28,6,8.856152512998268
2022,4,Salzburg,Germany,154,2,48.4484
2022,4,Salzburg,Austria,40,2,12.584000000000001
2022,4,Salzburg,Netherlands,59,2,18.5614
2022,4,Salzburg,UK,48,2,15.100800000000001
2022,4,Salzburg,USA,32,2,10.067200000000001
2022,4,Salzburg,China,40,2,12.584000000000001
2022,4,Salzburg,Switzerland,52,2,16.3592
2022,4,Salzburg,Italy,23,2,7.2358
2022,4,Salzburg,France,25,2,7.865000000000001
2022,4,Salzburg,Other,27,2,8.494200000000001
2022,5,Salzburg,Germany,166,6,66.86387225548903
2022,5,Salzburg,Austria,46,6,18.528542914171656
2022,5,Salzburg,Netherlands,48,6,19.33413173652695
2022,5,Salzburg,UK,45,6,18.125748502994014
2022,5,Salzburg,USA,17,6,6.847504990019961
2022,5,Salzburg,China,41,6,16.514570858283435
2022,5,Salzburg,Switzerland,52,6,20.945309381237525
2022,5,Salzburg,Italy,28,6,11.278243512974052
2022,5,Salzburg,France,38,6,15.306187624750502
2022,5,Salzburg,Other,20,6,8.055888223552895
2022,6,Salzburg,Germany,161,5,71.68613138686132
2022,6,Salzburg,Austria,46,5,20.48175182481752
2022,6,Salzburg,Netherlands,44,5,19.59124087591241
2022,6,Salzburg,UK,65,5,28.941605839416056
2022,6,Salzburg,USA,28,5,12.467153284671532
2022,6,Salzburg,China,44,5,19.59124087591241
2022,6,Salzburg,Switzerland,57,5,25.37956204379562
2022,6,Salzburg,Italy,19,5,8.45985401459854
2022,6,Salzburg,France,48,5,21.37226277372263
2022,6,Salzburg,Other,36,5,16.029197080291972
2022,7,Salzburg,Germany,146,3,62.528464419475654
2022,7,Salzburg,Austria,49,3,20.98558052434457
2022,7,Salzburg,Netherlands,61,3,26.1249063670412
2022,7,Salzburg,UK,55,3,23.555243445692884
2022,7,Salzburg,USA,34,3,14.561423220973783
2022,7,Salzburg,China,48,3,20.557303370786514
2022,7,Salzburg,Switzerland,54,3,23.12696629213483
2022,7,Salzburg,Italy,27,3,11.563483146067416
2022,7,Salzburg,France,36,3,15.417977528089887
2022,7,Salzburg,Other,24,3,10.278651685393257
2022,8,Salzburg,Germany,162,5,51.955714285714286
2022,8,Salzburg,Austria,54,5,17.318571428571428
2022,8,Salzburg,Netherlands,53,5,16.997857142857143
2022,8,Salzburg,UK,55,5,17.639285714285712
2022,8,Salzburg,USA,31,5,9.942142857142857
2022,8,Salzburg,China,44,5,14.11142857142857
2022,8,Salzburg,Switzerland,56,5,17.96
2022,8,Salzburg,Italy,28,5,8.98
2022,8,Salzburg,France,48,5,15.394285714285713
2022,8,Salzburg,Other,29,5,9.300714285714285
2022,9,Salzburg,Germany,147,5,32.15808383233533
2022,9,Salzburg,Austria,47,5,10.281836327345308
2022,9,Salzburg,Netherlands,43,5,9.40678642714571
2022,9,Salzburg,UK,70,5,15.313373253493014
2022,9,Salzburg,USA,25,5,5.469061876247505
2022,9,Salzburg,China,47,5,10.281836327345308
2022,9,Salzburg,Switzerland,39,5,8.531736526946109
2022,9,Salzburg,Italy,21,5,4.594011976047904
2022,9,Salzburg,France,37,5,8.094211576846307
2022,9,Salzburg,Other,25,5,5.469061876247505
2022,10,Salzburg,Germany,162,5,71.41603053435115
2022,10,Salzburg,Austria,53,5,23.364503816793892
2022,10,Salzburg,Netherlands,55,5,24.24618320610687
2022,10,Salzburg,UK,54,5,23.80534351145038
2022,10,Salzburg,USA,28,5,12.34351145038168
2022,10,Salzburg,China,37,5,16.31106870229008
2022,10,Salzburg,Switzerland,46,5,20.27862595419847
2022,10,Salzburg,Italy,28,5,12.34351145038168
2022,10,Salzburg,France,29,5,12.784351145038169
2022,10,Salzburg,Other,32,5,14.106870229007633
2022,11,Salzburg,Germany,141,5,30.097515527950307
2022,11,Salzburg,Austria,47,5,10.032505175983436
2022,11,Salzburg,Netherlands,50,5,10.67287784679089
2022,11,Salzburg,UK,54,5,11.526708074534161
2022,11,Salzburg,USA,29,5,6.1902691511387165
2022,11,Salzburg,China,33,5,7.044099378881987
2022,11,Salzburg,Switzerland,44,5,9.392132505175983
2022,11,Salzburg,Italy,23,5,4.909523809523809
2022,11,Salzburg,France,33,5,7.044099378881987
2022,11,Salzburg,Other,29,5,6.1902691511387165
2022,12,Salzburg,Germany,277,4,135.46845493562233
2022,12,Salzburg,Austria,88,4,43.03690987124464
2022,12,Salzburg,Netherlands,90,4,44.01502145922747
2022,12,Salzburg,UK,90,4,44.01502145922747
2022,12,Salzburg,USA,55,4,26.8980686695279
2022,12,Salzburg,China,77,4,37.65729613733906
2022,12,Salzburg,Switzerland,88,4,43.03690987124464
2022,12,Salzburg,Italy,43,4,21.029399141630904
2022,12,Salzburg,France,69,4,33.74484978540772
2022,12,Salzburg,Other,55,4,26.8980686695279
2022,1,Vienna,Germany,102,2,22.89742268041237
2022,1,Vienna,Austria,50,2,11.22422680412371
2022,1,Vienna,Netherlands,27,2,6.061082474226804
2022,1,Vienna,UK,37,2,8.305927835051545
2022,1,Vienna,USA,33,2,7.407989690721649
2022,1,Vienna,China,38,2,8.53041237113402
2022,1,Vienna,Switzerland,25,2,5.612113402061855
2022,1,Vienna,Italy,18,2,4.040721649484536
2022,1,Vienna,France,38,2,8.53041237113402
2022,1,Vienna,Other,20,2,4.489690721649484
2022,2,Vienna,Germany,94,3,40.192200557103064
2022,2,Vienna,Austria,49,3,20.95125348189415
2022,2,Vienna,Netherlands,24,3,10.261838440111422
2022,2,Vienna,UK,34,3,14.537604456824512
2022,2,Vienna,USA,27,3,11.54456824512535
2022,2,Vienna,China,42,3,17.958217270194986
2022,2,Vienna,Switzerland,18,3,7.696378830083566
2022,2,Vienna,Italy,17,3,7.268802228412256
2022,2,Vienna,France,34,3,14.537604456824512
2022,2,Vienna,Other,20,3,8.551532033426184
2022,3,Vienna,Germany,111,3,44.07272727272727
2022,3,Vienna,Austria,58,3,23.02899262899263
2022,3,Vienna,Netherlands,31,3,12.308599508599508
2022,3,Vienna,UK,48,3,19.058476658476657
2022,3,Vienna,USA,33,3,13.102702702702702
2022,3,Vienna,China,39,3,15.485012285012285
2022,3,Vienna,Switzerland,21,3,8.338083538083538
2022,3,Vienna,Italy,21,3,8.338083538083538
2022,3,Vienna,France,29,3,11.514496314496315
2022,3,Vienna,Other,16,3,6.352825552825553
2022,4,Vienna,Germany,100,3,46.917475728155345
2022,4,Vienna,Austria,58,3,27.2121359223301
2022,4,Vienna,Netherlands,36,3,16.890291262135925
2022,4,Vienna,UK,51,3,23.927912621359226
2022,4,Vienna,USA,32,3,15.013592233009708
2022,4,Vienna,China,41,3,19.23616504854369
2022,4,Vienna,Switzerland,18,3,8.445145631067962
2022,4,Vienna,Italy,30,3,14.075242718446601
2022,4,Vienna,France,28,3,13.136893203883496
2022,4,Vienna,Other,18,3,8.445145631067962
2022,5,Vienna,Germany,81,2,31.624225352112674
2022,5,Vienna,Austria,63,2,24.59661971830986
2022,5,Vienna,Netherlands,18,2,7.027605633802817
2022,5,Vienna,UK,32,2,12.493521126760564
2022,5,Vienna,USA,23,2,8.979718309859154
2022,5,Vienna,China,37,2,14.4456338028169
2022,5,Vienna,Switzerland,22,2,8.589295774647887
2022,5,Vienna,Italy,24,2,9.370140845070422
2022,5,Vienna,France,36,2,14.055211267605634
2022,5,Vienna,Other,19,2,7.418028169014084
2022,6,Vienna,Germany,177,1,54.39451476793249
2022,6,Vienna,Austria,114,1,35.03375527426161
2022,6,Vienna,Netherlands,56,1,17.209563994374122
2022,6,Vienna,UK,69,1,21.20464135021097
2022,6,Vienna,USA,48,1,14.751054852320674
2022,6,Vienna,China,84,1,25.814345991561183
2022,6,Vienna,Switzerland,37,1,11.370604781997187
2022,6,Vienna,Italy,38,1,11.677918424753868
2022,6,Vienna,France,52,1,15.980309423347398
2022,6,Vienna,Other,36,1,11.063291139240507
2022,7,Vienna,Germany,159,1,71.72018348623854
2022,7,Vienna,Austria,104,1,46.91131498470948
2022,7,Vienna,Netherlands,50,1,22.553516819571865
2022,7,Vienna,UK,51,1,23.004587155963304
2022,7,Vienna,USA,45,1,20.29816513761468
2022,7,Vienna,China,81,1,36.53669724770642
2022,7,Vienna,Switzerland,29,1,13.081039755351682
2022,7,Vienna,Italy,36,1,16.238532110091743
2022,7,Vienna,France,62,1,27.966360856269112
2022,7,Vienna,Other,37,1,16.68960244648318
2022,8,Vienna,Germany,184,1,89.95822454308095
2022,8,Vienna,Austria,126,1,61.601827676240205
2022,8,Vienna,Netherlands,60,1,29.334203655352482
2022,8,Vienna,UK,70,1,34.22323759791123
2022,8,Vienna,USA,55,1,26.889686684073105
2022,8,Vienna,China,97,1,47.42362924281984
2022,8,Vienna,Switzerland,43,1,21.022845953002612
2022,8,Vienna,Italy,44,1,21.511749347258487
2022,8,Vienna,France,54,1,26.400783289817234
2022,8,Vienna,Other,33,1,16.133812010443865
2022,9,Vienna,Germany,97,2,31.88845208845209
2022,9,Vienna,Austria,66,2,21.6972972972973
2022,9,Vienna,Netherlands,30,2,9.862407862407863
2022,9,Vienna,UK,45,2,14.793611793611795
2022,9,Vienna,USA,35,2,11.506142506142508
2022,9,Vienna,China,37,2,12.163636363636366
2022,9,Vienna,Switzerland,19,2,6.2461916461916465
2022,9,Vienna,Italy,18,2,5.917444717444718
2022,9,Vienna,France,41,2,13.47862407862408
2022,9,Vienna,Other,19,2,6.2461916461916465
2022,10,Vienna,Germany,102,2,38.51169451073986
2022,10,Vienna,Austria,54,2,20.38854415274463
2022,10,Vienna,Netherlands,39,2,14.725059665871122
2022,10,Vienna,UK,42,2,15.857756563245822
2022,10,Vienna,USA,34,2,12.837231503579952
2022,10,Vienna,China,51,2,19.25584725536993
2022,10,Vienna,Switzerland,19,2,7.173747016706443
2022,10,Vienna,Italy,29,2,10.94940334128878
2022,10,Vienna,France,32,2,12.082100238663484
2022,10,Vienna,Other,17,2,6.418615751789976
2022,11,Vienna,Germany,101,2,38.71227154046998
2022,11,Vienna,Austria,47,2,18.014621409921673
2022,11,Vienna,Netherlands,30,2,11.49869451697128
2022,11,Vienna,UK,39,2,14.948302872062664
2022,11,Vienna,USA,26,2,9.965535248041776
2022,11,Vienna,China,42,2,16.098172323759794
2022,11,Vienna,Switzerland,27,2,10.348825065274154
2022,11,Vienna,Italy,19,2,7.282506527415144
2022,11,Vienna,France,37,2,14.181723237597913
2022,11,Vienna,Other,15,2,5.74934725848564
2022,12,Vienna,Germany,99,1,30.051776649746188
2022,12,Vienna,Austria,61,1,18.51675126903553
2022,12,Vienna,Netherlands,25,1,7.588832487309644
2022,12,Vienna,UK,50,1,15.177664974619288
2022,12,Vienna,USA,28,1,8.499492385786802
2022,12,Vienna,China,44,1,13.356345177664974
2022,12,Vienna,Switzerland,26,1,7.892385786802031
2022,12,Vienna,Italy,20,1,6.071065989847716
2022,12,Vienna,France,34,1,10.320812182741115
2022,12,Vienna,Other,7,1,2.1248730964467004
2022,1,Carinthia,Germany,157,6,70.47435456110155
2022,1,Carinthia,Austria,59,6,26.483993115318416
2022,1,Carinthia,Netherlands,56,6,25.137349397590363
2022,1,Carinthia,UK,68,6,30.523924268502583
2022,1,Carinthia,USA,36,6,16.15972461273666
2022,1,Carinthia,China,36,6,16.15972461273666
2022,1,Carinthia,Switzerland,53,6,23.790705679862306
2022,1,Carinthia,Italy,35,6,15.710843373493976
2022,1,Carinthia,France,49,6,21.995180722891565
2022,1,Carinthia,Other,32,6,14.364199655765923
2022,2,Carinthia,Germany,219,6,48.16706056129985
2022,2,Carinthia,Austria,60,6,13.19645494830133
2022,2,Carinthia,Netherlands,67,6,14.736041358936484
2022,2,Carinthia,UK,59,6,12.976514032496308
2022,2,Carinthia,USA,32,6,7.03810930576071
2022,2,Carinthia,China,55,6,12.09675036927622
2022,2,Carinthia,Switzerland,66,6,14.516100443131464
2022,2,Carinthia,Italy,27,6,5.938404726735598
2022,2,Carinthia,France,44,6,9.677400295420975
2022,2,Carinthia,Other,48,6,10.557163958641064
2022,3,Carinthia,Germany,178,3,55.37459807073955
2022,3,Carinthia,Austria,59,3,18.35450160771704
2022,3,Carinthia,Netherlands,56,3,17.421221864951768
2022,3,Carinthia,UK,83,3,25.820739549839228
2022,3,Carinthia,USA,27,3,8.39951768488746
2022,3,Carinthia,China,43,3,13.377009646302252
2022,3,Carinthia,Switzerland,66,3,20.532154340836012
2022,3,Carinthia,Italy,34,3,10.577170418006432
2022,3,Carinthia,France,46,3,14.310289389067524
2022,3,Carinthia,Other,30,3,9.332797427652732
2022,4,Carinthia,Germany,180,4,37.24921135646687
2022,4,Carinthia,Austria,56,4,11.588643533123028
2022,4,Carinthia,Netherlands,63,4,13.037223974763407
2022,4,Carinthia,UK,84,4,17.382965299684543
2022,4,Carinthia,USA,24,4,4.9665615141955834
2022,4,Carinthia,China,46,4,9.519242902208202
2022,4,Carinthia,Switzerland,74,4,15.313564668769715
2022,4,Carinthia,Italy,35,4,7.242902208201892
2022,4,Carinthia,France,49,4,10.14006309148265
2022,4,Carinthia,Other,23,4,4.759621451104101
2022,5,Carinthia,Germany,196,5,53.029759999999996
2022,5,Carinthia,Austria,58,5,15.692479999999998
2022,5,Carinthia,Netherlands,71,5,19.20976
2022,5,Carinthia,UK,64,5,17.31584
2022,5,Carinthia,USA,34,5,9.199039999999998
2022,5,Carinthia,China,41,5,11.09296
2022,5,Carinthia,Switzerland,57,5,15.42192
2022,5,Carinthia,Italy,27,5,7.3051200000000005
2022,5,Carinthia,France,48,5,12.98688
2022,5,Carinthia,Other,29,5,7.846239999999999
2022,6,Carinthia,Germany,187,3,90.34929797191887
2022,6,Carinthia,Austria,77,3,37.202652106084244
2022,6,Carinthia,Netherlands,69,3,33.3374414976599
2022,6,Carinthia,UK,57,3,27.539625585023398
2022,6,Carinthia,USA,27,3,13.045085803432137
2022,6,Carinthia,China,52,3,25.12386895475819
2022,6,Carinthia,Switzerland,50,3,24.157566302652107
2022,6,Carinthia,Italy,36,3,17.393447737909515
2022,6,Carinthia,France,49,3,23.674414976599063
2022,6,Carinthia,Other,37,3,17.87659906396256
2022,7,Carinthia,Germany,184,2,80.60810372771475
2022,7,Carinthia,Austria,63,2,27.59951377633712
2022,7,Carinthia,Netherlands,63,2,27.59951377633712
2022,7,Carinthia,UK,73,2,31.980388978930307
2022,7,Carinthia,USA,34,2,14.894975688816857
2022,7,Carinthia,China,44,2,19.27585089141005
2022,7,Carinthia,Switzerland,61,2,26.723338735818476
2022,7,Carinthia,Italy,30,2,13.14262560777958
2022,7,Carinthia,France,46,2,20.152025931928687
2022,7,Carinthia,Other,19,2,8.323662884927066
2022,8,Carinthia,Germany,191,4,74.42838709677419
2022,8,Carinthia,Austria,60,4,23.38064516129032
2022,8,Carinthia,Netherlands,48,4,18.704516129032257
2022,8,Carinthia,UK,56,4,21.821935483870966
2022,8,Carinthia,USA,34,4,13.249032258064515
2022,8,Carinthia,China,49,4,19.094193548387096
2022,8,Carinthia,Switzerland,66,4,25.71870967741935
2022,8,Carinthia,Italy,39,4,15.197419354838708
2022,8,Carinthia,France,41,4,15.976774193548387
2022,8,Carinthia,Other,36,4,14.028387096774194
2022,9,Carinthia,Germany,204,2,74.38536585365853
2022,9,Carinthia,Austria,64,2,23.336585365853658
2022,9,Carinthia,Netherlands,69,2,25.159756097560972
2022,9,Carinthia,UK,65,2,23.701219512195124
2022,9,Carinthia,USA,34,2,12.397560975609755
2022,9,Carinthia,China,51,2,18.596341463414632
2022,9,Carinthia,Switzerland,55,2,20.054878048780488
2022,9,Carinthia,Italy,37,2,13.491463414634145
2022,9,Carinthia,France,48,2,17.50243902439024
2022,9,Carinthia,Other,29,2,10.574390243902437
2022,10,Carinthia,Germany,218,4,61.37001455604076
2022,10,Carinthia,Austria,62,4,17.453857350800583
2022,10,Carinthia,Netherlands,53,4,14.920232896652111
2022,10,Carinthia,UK,79,4,22.239592430858806
2022,10,Carinthia,USA,43,4,12.105094614264921
2022,10,Carinthia,China,50,4,14.075691411935953
2022,10,Carinthia,Switzerland,78,4,21.958078602620088
2022,10,Carinthia,Italy,37,4,10.416011644832606
2022,10,Carinthia,France,40,4,11.260553129548763
2022,10,Carinthia,Other,27,4,7.600873362445415
2022,11,Carinthia,Germany,192,5,77.28761904761905
2022,11,Carinthia,Austria,62,5,24.957460317460317
2022,11,Carinthia,Netherlands,43,5,17.30920634920635
2022,11,Carinthia,UK,71,5,28.58031746031746
2022,11,Carinthia,USA,34,5,13.686349206349206
2022,11,Carinthia,China,49,5,19.724444444444444
2022,11,Carinthia,Switzerland,65,5,26.165079365079364
2022,11,Carinthia,Italy,29,5,11.673650793650793
2022,11,Carinthia,France,56,5,22.54222222222222
2022,11,Carinthia,Other,29,5,11.673650793650793
2022,12,Carinthia,Germany,193,6,86.19603305785124
2022,12,Carinthia,Austria,41,6,18.311074380165287
2022,12,Carinthia,Netherlands,68,6,30.369586776859503
2022,12,Carinthia,UK,60,6,26.796694214876034
2022,12,Carinthia,USA,27,6,12.058512396694214
2022,12,Carinthia,China,52,6,23.22380165289256
2022,12,Carinthia,Switzerland,61,6,27.243305785123965
2022,12,Carinthia,Italy,28,6,12.505123966942147
2022,12,Carinthia,France,50,6,22.330578512396695
2022,12,Carinthia,Other,25,6,11.165289256198347
2022,1,Styria,Germany,230,3,48.18227215980025
2022,1,Styria,Austria,76,3,15.921098626716605
2022,1,Styria,Netherlands,87,3,18.22546816479401
2022,1,Styria,UK,85,3,17.806491885143572
2022,1,Styria,USA,35,3,7.332084893882648
2022,1,Styria,China,59,3,12.359800249687892
2022,1,Styria,Switzerland,90,3,18.853932584269664
2022,1,Styria,Italy,41,3,8.589013732833958
2022,1,Styria,France,53,3,11.10287141073658
2022,1,Styria,Other,45,3,9.426966292134832
2022,2,Styria,Germany,249,5,97.74409937888198
2022,2,Styria,Austria,93,5,36.50683229813664
2022,2,Styria,Netherlands,71,5,27.87080745341615
2022,2,Styria,UK,81,5,31.796273291925466
2022,2,Styria,USA,49,5,19.234782608695653
2022,2,Styria,China,74,5,29.048447204968944
2022,2,Styria,Switzerland,79,5,31.0111801242236
2022,2,Styria,Italy,38,5,14.916770186335405
2022,2,Styria,France,39,5,15.309316770186335
2022,2,Styria,Other,32,5,12.561490683229815
2022,3,Styria,Germany,222,2,85.86632782719185
2022,3,Styria,Austria,75,2,29.008894536213468
2022,3,Styria,Netherlands,79,2,30.55603557814485
2022,3,Styria,UK,78,2,30.169250317662005
2022,3,Styria,USA,43,2,16.631766200762385
2022,3,Styria,China,52,2,20.112833545108003
2022,3,Styria,Switzerland,88,2,34.03710292249047
2022,3,Styria,Italy,38,2,14.697839898348155
2022,3,Styria,France,73,2,28.235324015247777
2022,3,Styria,Other,39,2,15.084625158831003
2022,4,Styria,Germany,242,4,103.6648390941597
2022,4,Styria,Austria,102,4,43.69344457687723
2022,4,Styria,Netherlands,70,4,29.98569725864124
2022,4,Styria,UK,89,4,38.124672228843856
2022,4,Styria,USA,30,4,12.851013110846244
2022,4,Styria,China,56,4,23.98855780691299
2022,4,Styria,Switzerland,82,4,35.126102502979734
2022,4,Styria,Italy,44,4,18.848152562574494
2022,4,Styria,France,73,4,31.270798569725862
2022,4,Styria,Other,51,4,21.846722288438617
2022,5,Styria,Germany,233,5,64.7389896373057
2022,5,Styria,Austria,71,5,19.727331606217614
2022,5,Styria,Netherlands,92,5,25.56217616580311
2022,5,Styria,UK,80,5,22.227979274611396
2022,5,Styria,USA,37,5,10.28044041450777
2022,5,Styria,China,49,5,13.614637305699482
2022,5,Styria,Switzerland,74,5,20.56088082901554
2022,5,Styria,Italy,54,5,15.003886010362693
2022,5,Styria,France,48,5,13.336787564766839
2022,5,Styria,Other,34,5,9.446891191709843
2022,6,Styria,Germany,240,4,66.26865671641791
2022,6,Styria,Austria,86,4,23.746268656716417
2022,6,Styria,Netherlands,83,4,22.917910447761194
2022,6,Styria,UK,81,4,22.365671641791046
2022,6,Styria,USA,36,4,9.940298507462686
2022,6,Styria,China,62,4,17.119402985074625
2022,6,Styria,Switzerland,71,4,19.6044776119403
2022,6,Styria,Italy,33,4,9.111940298507463
2022,6,Styria,France,74,4,20.432835820895523
2022,6,Styria,Other,38,4,10.492537313432836
2022,7,Styria,Germany,210,4,55.90948275862069
2022,7,Styria,Austria,63,4,16.77284482758621
2022,7,Styria,Netherlands,65,4,17.305316091954023
2022,7,Styria,UK,76,4,20.233908045977014
2022,7,Styria,USA,35,4,9.318247126436782
2022,7,Styria,China,67,4,17.83778735632184
2022,7,Styria,Switzerland,68,4,18.10402298850575
2022,7,Styria,Italy,29,4,7.720833333333333
2022,7,Styria,France,50,4,13.311781609195402
2022,7,Styria,Other,33,4,8.785775862068965
2022,8,Styria,Germany,202,4,76.39527777777778
2022,8,Styria,Austria,80,4,30.255555555555556
2022,8,Styria,Netherlands,56,4,21.17888888888889
2022,8,Styria,UK,67,4,25.33902777777778
2022,8,Styria,USA,34,4,12.858611111111111
2022,8,Styria,China,70,4,26.47361111111111
2022,8,Styria,Switzerland,89,4,33.659305555555555
2022,8,Styria,Italy,35,4,13.236805555555556
2022,8,Styria,France,48,4,18.153333333333332
2022,8,Styria,Other,39,4,14.749583333333334
2022,9,Styria,Germany,251,6,81.56688227684346
2022,9,Styria,Austria,78,6,25.347477360931435
2022,9,Styria,Netherlands,80,6,25.997412677878398
2022,9,Styria,UK,70,6,22.747736093143594
2022,9,Styria,USA,29,6,9.424062095730918
2022,9,Styria,China,60,6,19.498059508408794
2022,9,Styria,Switzerland,84,6,27.297283311772315
2022,9,Styria,Italy,35,6,11.373868046571797
2022,9,Styria,France,53,6,17.223285899094435
2022,9,Styria,Other,33,6,10.723932729624838
2022,10,Styria,Germany,253,4,71.00424469413234
2022,10,Styria,Austria,74,4,20.768039950062423
2022,10,Styria,Netherlands,75,4,21.04868913857678
2022,10,Styria,UK,81,4,22.732584269662922
2022,10,Styria,USA,41,4,11.50661672908864
2022,10,Styria,China,56,4,15.716354556803998
2022,10,Styria,Switzerland,83,4,23.29388264669164
2022,10,Styria,Italy,28,4,7.858177278401999
2022,10,Styria,France,64,4,17.96154806491885
2022,10,Styria,Other,46,4,12.909862671660425
2022,11,Styria,Germany,205,5,101.1774193548387
2022,11,Styria,Austria,89,5,43.9258064516129
2022,11,Styria,Netherlands,78,5,38.49677419354838
2022,11,Styria,UK,77,5,38.00322580645161
2022,11,Styria,USA,28,5,13.819354838709677
2022,11,Styria,China,50,5,24.677419354838708
2022,11,Styria,Switzerland,64,5,31.587096774193544
2022,11,Styria,Italy,32,5,15.793548387096772
2022,11,Styria,France,52,5,25.664516129032254
2022,11,Styria,Other,38,5,18.75483870967742
2022,12,Styria,Germany,216,4,75.68804347826087
2022,12,Styria,Austria,88,4,30.83586956521739
2022,12,Styria,Netherlands,76,4,26.63097826086956
2022,12,Styria,UK,75,4,26.28057065217391
2022,12,Styria,USA,42,4,14.71711956521739
2022,12,Styria,China,54,4,18.922010869565216
2022,12,Styria,Switzerland,68,4,23.827717391304343
2022,12,Styria,Italy,40,4,14.016304347826086
2022,12,Styria,France,44,4,15.417934782608695
2022,12,Styria,Other,33,4,11.56345108695652
2023,1,Tyrol,Germany,404,5,199.838683127572
2023,1,Tyrol,Austria,129,5,63.80987654320988
2023,1,Tyrol,Netherlands,116,5,57.37942386831276
2023,1,Tyrol,UK,100,5,49.465020576131685
2023,1,Tyrol,USA,55,5,27.20576131687243
2023,1,Tyrol,China,58,5,28.68971193415638
2023,1,Tyrol,Switzerland,171,5,84.5851851851852
2023,1,Tyrol,Italy,64,5,31.65761316872428
2023,1,Tyrol,France,56,5,27.700411522633747
2023,1,Tyrol,Other,62,5,30.668312757201644
2023,2,Tyrol,Germany,477,5,137.93137393767705
2023,2,Tyrol,Austria,153,5,44.2421388101983
2023,2,Tyrol,Netherlands,170,5,49.15793201133145
2023,2,Tyrol,UK,97,5,28.04893767705383
2023,2,Tyrol,USA,68,5,19.66317280453258
2023,2,Tyrol,China,56,5,16.193201133144477
2023,2,Tyrol,Switzerland,174,5,50.31458923512748
2023,2,Tyrol,Italy,86,5,24.86813031161473
2023,2,Tyrol,France,50,5,14.458215297450426
2023,2,Tyrol,Other,81,5,23.42230878186969
2023,3,Tyrol,Germany,228,3,71.14658925979681
2023,3,Tyrol,Austria,69,3,21.531204644412192
2023,3,Tyrol,Netherlands,68,3,21.219158200290277
2023,3,Tyrol,UK,55,3,17.16255442670537
2023,3,Tyrol,USA,35,3,10.921625544267053
2023,3,Tyrol,China,31,3,9.67343976777939
2023,3,Tyrol,Switzerland,97,3,30.268505079825836
2023,3,Tyrol,Italy,38,3,11.857764876632801
2023,3,Tyrol,France,29,3,9.049346879535559
2023,3,Tyrol,Other,39,3,12.169811320754718
2023,4,Tyrol,Germany,219,2,57.888762214983714
2023,4,Tyrol,Austria,56,2,14.802605863192182
2023,4,Tyrol,Netherlands,65,2,17.181596091205215
2023,4,Tyrol,UK,49,2,12.95228013029316
2023,4,Tyrol,USA,38,2,10.044625407166125
2023,4,Tyrol,China,33,2,8.72296416938111
2023,4,Tyrol,Switzerland,60,2,15.859934853420198
2023,4,Tyrol,Italy,36,2,9.515960912052117
2023,4,Tyrol,France,23,2,6.079641693811076
2023,4,Tyrol,Other,35,2,9.251628664495115
2023,5,Tyrol,Germany,234,2,61.26545454545455
2023,5,Tyrol,Austria,52,2,13.614545454545455
2023,5,Tyrol,Netherlands,80,2,20.94545454545455
2023,5,Tyrol,UK,59,2,15.447272727272729
2023,5,Tyrol,USA,29,2,7.592727272727273
2023,5,Tyrol,China,39,2,10.210909090909091
2023,5,Tyrol,Switzerland,76,2,19.898181818181822
2023,5,Tyrol,Italy,27,2,7.069090909090909
2023,5,Tyrol,France,34,2,8.901818181818182
2023,5,Tyrol,Other,30,2,7.854545454545455
2023,6,Tyrol,Germany,271,3,87.44164305949009
2023,6,Tyrol,Austria,81,3,26.135694050991503
2023,6,Tyrol,Netherlands,65,3,20.973087818696886
2023,6,Tyrol,UK,41,3,13.229178470254958
2023,6,Tyrol,USA,33,3,10.647875354107649
2023,6,Tyrol,China,28,3,9.034560906515582
2023,6,Tyrol,Switzerland,91,3,29.362322946175638
2023,6,Tyrol,Italy,36,3,11.61586402266289
2023,6,Tyrol,France,28,3,9.034560906515582
2023,6,Tyrol,Other,32,3,10.325212464589237
2023,7,Tyrol,Germany,256,4,114.8502732240437
2023,7,Tyrol,Austria,76,4,34.09617486338798
2023,7,Tyrol,Netherlands,83,4,37.23661202185792
2023,7,Tyrol,UK,58,4,26.020765027322405
2023,7,Tyrol,USA,39,4,17.496721311475408
2023,7,Tyrol,China,22,4,9.869945355191255
2023,7,Tyrol,Switzerland,76,4,34.09617486338798
2023,7,Tyrol,Italy,42,4,18.84262295081967
2023,7,Tyrol,France,41,4,18.39398907103825
2023,7,Tyrol,Other,39,4,17.496721311475408
2023,8,Tyrol,Germany,222,4,66.770245398773
2023,8,Tyrol,Austria,71,4,21.354447852760735
2023,8,Tyrol,Netherlands,67,4,20.15138036809816
2023,8,Tyrol,UK,48,4,14.436809815950921
2023,8,Tyrol,USA,42,4,12.632208588957056
2023,8,Tyrol,China,29,4,8.722239263803681
2023,8,Tyrol,Switzerland,76,4,22.858282208588957
2023,8,Tyrol,Italy,31,4,9.323773006134969
2023,8,Tyrol,France,36,4,10.82760736196319
2023,8,Tyrol,Other,30,4,9.023006134969325
2023,9,Tyrol,Germany,242,6,61.73240740740741
2023,9,Tyrol,Austria,62,6,15.815740740740742
2023,9,Tyrol,Netherlands,54,6,13.775
2023,9,Tyrol,UK,54,6,13.775
2023,9,Tyrol,USA,34,6,8.673148148148147
2023,9,Tyrol,China,33,6,8.418055555555556
2023,9,Tyrol,Switzerland,83,6,21.172685185185188
2023,9,Tyrol,Italy,27,6,6.8875
2023,9,Tyrol,France,29,6,7.3976851851851855
2023,9,Tyrol,Other,30,6,7.652777777777778
2023,10,Tyrol,Germany,217,3,66.17274011299435
2023,10,Tyrol,Austria,76,3,23.175706214689264
2023,10,Tyrol,Netherlands,76,3,23.175706214689264
2023,10,Tyrol,UK,55,3,16.771892655367232
2023,10,Tyrol,USA,31,3,9.453248587570622
2023,10,Tyrol,China,36,3,10.977966101694916
2023,10,Tyrol,Switzerland,94,3,28.664689265536722
2023,10,Tyrol,Italy,44,3,13.417514124293787
2023,10,Tyrol,France,45,3,13.722457627118644
2023,10,Tyrol,Other,34,3,10.368079096045198
2023,11,Tyrol,Germany,228,4,75.22232558139535
2023,11,Tyrol,Austria,67,4,22.10480620155039
2023,11,Tyrol,Netherlands,65,4,21.44496124031008
2023,11,Tyrol,UK,47,4,15.506356589147288
2023,11,Tyrol,USA,27,4,8.907906976744187
2023,11,Tyrol,China,34,4,11.217364341085272
2023,11,Tyrol,Switzerland,87,4,28.703255813953493
2023,11,Tyrol,Italy,27,4,8.907906976744187
2023,11,Tyrol,France,27,4,8.907906976744187
2023,11,Tyrol,Other,36,4,11.877209302325582
2023,12,Tyrol,Germany,535,5,231.1856606136506
2023,12,Tyrol,Austria,161,5,69.57175954915466
2023,12,Tyrol,Netherlands,164,5,70.86812773951159
2023,12,Tyrol,UK,135,5,58.336568566061366
2023,12,Tyrol,USA,79,5,34.137695679398874
2023,12,Tyrol,China,84,5,36.29830932999374
2023,12,Tyrol,Switzerland,179,5,77.34996869129618
2023,12,Tyrol,Italy,83,5,35.866186599874766
2023,12,Tyrol,France,92,5,39.755291170945526
2023,12,Tyrol,Other,85,5,36.73043206011271
2023,1,Salzburg,Germany,415,5,194.01480384900074
2023,1,Salzburg,Austria,132,5,61.71073279052554
2023,1,Salzburg,Netherlands,144,5,67.32079940784604
2023,1,Salzburg,UK,116,5,54.23064396743153
2023,1,Salzburg,USA,70,5,32.72538860103627
2023,1,Salzburg,China,103,5,48.15307179866765
2023,1,Salzburg,Switzerland,121,5,56.568171724648415
2023,1,Salzburg,Italy,78,5,36.465433012583276
2023,1,Salzburg,France,92,5,43.01051073279053
2023,1,Salzburg,Other,80,5,37.40044411547002
2023,2,Salzburg,Germany,505,3,208.1780279975654
2023,2,Salzburg,Austria,163,3,67.19409616555082
2023,2,Salzburg,Netherlands,134,3,55.23931832014607
2023,2,Salzburg,UK,182,3,75.02653682288496
2023,2,Salzburg,USA,77,3,31.741996348143637
2023,2,Salzburg,China,127,3,52.35368228849665
2023,2,Salzburg,Switzerland,164,3,67.60632988435788
2023,2,Salzburg,Italy,81,3,33.39093122337188
2023,2,Salzburg,France,127,3,52.35368228849665
2023,2,Salzburg,Other,83,3,34.215398660986
2023,3,Salzburg,Germany,224,5,47.6314606741573
2023,3,Salzburg,Austria,68,5,14.459550561797753
2023,3,Salzburg,Netherlands,73,5,15.522752808988765
2023,3,Salzburg,UK,82,5,17.436516853932584
2023,3,Salzburg,USA,35,5,7.442415730337079
2023,3,Salzburg,China,57,5,12.120505617977528
2023,3,Salzburg,Switzerland,63,5,13.39634831460674
2023,3,Salzburg,Italy,41,5,8.718258426966292
2023,3,Salzburg,France,43,5,9.143539325842697
2023,3,Salzburg,Other,26,5,5.528651685393259
2023,4,Salzburg,Germany,207,4,54.50524137931035
2023,4,Salzburg,Austria,71,4,18.695034482758622
2023,4,Salzburg,Netherlands,58,4,15.272
2023,4,Salzburg,UK,95,4,25.014482758620694
2023,4,Salzburg,USA,43,4,11.322344827586207
2023,4,Salzburg,China,55,4,14.482068965517241
2023,4,Salzburg,Switzerland,71,4,18.695034482758622
2023,4,Salzburg,Italy,38,4,10.005793103448276
2023,4,Salzburg,France,47,4,12.375586206896552
2023,4,Salzburg,Other,40,4,10.532413793103448
2023,5,Salzburg,Germany,199,6,71.420245398773
2023,5,Salzburg,Austria,65,6,23.328220858895705
2023,5,Salzburg,Netherlands,61,6,21.892638036809817
2023,5,Salzburg,UK,55,6,19.73926380368098
2023,5,Salzburg,USA,39,6,13.996932515337424
2023,5,Salzburg,China,50,6,17.94478527607362
2023,5,Salzburg,Switzerland,62,6,22.25153374233129
2023,5,Salzburg,Italy,41,6,14.714723926380367
2023,5,Salzburg,France,51,6,18.303680981595093
2023,5,Salzburg,Other,29,6,10.4079754601227
2023,6,Salzburg,Germany,229,6,78.68528198074277
2023,6,Salzburg,Austria,64,6,21.990646492434664
2023,6,Salzburg,Netherlands,71,6,24.395873452544706
2023,6,Salzburg,UK,73,6,25.083081155433288
2023,6,Salzburg,USA,39,6,13.400550206327374
2023,6,Salzburg,China,58,6,19.92902338376891
2023,6,Salzburg,Switzerland,70,6,24.052269601100413
2023,6,Salzburg,Italy,36,6,12.369738651994497
2023,6,Salzburg,France,55,6,18.89821182943604
2023,6,Salzburg,Other,32,6,10.995323246217332
2023,7,Salzburg,Germany,192,5,62.355417956656346
2023,7,Salzburg,Austria,52,5,16.88792569659443
2023,7,Salzburg,Netherlands,65,5,21.109907120743035
2023,7,Salzburg,UK,81,5,26.3061919504644
2023,7,Salzburg,USA,37,5,12.016408668730651
2023,7,Salzburg,China,60,5,19.48606811145511
2023,7,Salzburg,Switzerland,58,5,18.83653250773994
2023,7,Salzburg,Italy,31,5,10.06780185758514
2023,7,Salzburg,France,40,5,12.990712074303406
2023,7,Salzburg,Other,30,5,9.743034055727556
2023,8,Salzburg,Germany,199,2,86.6930693069307
2023,8,Salzburg,Austria,54,2,23.524752475247524
2023,8,Salzburg,Netherlands,71,2,30.93069306930693
2023,8,Salzburg,UK,73,2,31.801980198019802
2023,8,Salzburg,USA,36,2,15.683168316831685
2023,8,Salzburg,China,65,2,28.316831683168317
2023,8,Salzburg,Switzerland,67,2,29.188118811881186
2023,8,Salzburg,Italy,46,2,20.03960396039604
2023,8,Salzburg,France,48,2,20.91089108910891
2023,8,Salzburg,Other,48,2,20.91089108910891
2023,9,Salzburg,Germany,235,4,63.78571428571429
2023,9,Salzburg,Austria,70,4,19.0
2023,9,Salzburg,Netherlands,66,4,17.914285714285715
2023,9,Salzburg,UK,71,4,19.271428571428572
2023,9,Salzburg,USA,37,4,10.042857142857144
2023,9,Salzburg,China,54,4,14.657142857142857
2023,9,Salzburg,Switzerland,56,4,15.200000000000001
2023,9,Salzburg,Italy,34,4,9.228571428571428
2023,9,Salzburg,France,50,4,13.571428571428573
2023,9,Salzburg,Other,41,4,11.128571428571428
2023,10,Salzburg,Germany,206,2,61.97887120115774
2023,10,Salzburg,Austria,65,2,19.55643994211288
2023,10,Salzburg,Netherlands,64,2,19.255571635311142
2023,10,Salzburg,UK,69,2,20.759913169319827
2023,10,Salzburg,USA,27,2,8.123444283646888
2023,10,Salzburg,China,64,2,19.255571635311142
2023,10,Salzburg,Switzerland,76,2,22.865991316931982
2023,10,Salzburg,Italy,35,2,10.530390738060781
2023,10,Salzburg,France,57,2,17.149493487698987
2023,10,Salzburg,Other,28,2,8.424312590448626
2023,11,Salzburg,Germany,171,3,68.45066666666666
2023,11,Salzburg,Austria,69,3,27.620444444444445
2023,11,Salzburg,Netherlands,86,3,34.425481481481484
2023,11,Salzburg,UK,74,3,29.621925925925925
2023,11,Salzburg,USA,32,3,12.80948148148148
2023,11,Salzburg,China,48,3,19.214222222222222
2023,11,Salzburg,Switzerland,79,3,31.623407407407406
2023,11,Salzburg,Italy,28,3,11.208296296296295
2023,11,Salzburg,France,51,3,20.41511111111111
2023,11,Salzburg,Other,37,3,14.810962962962963
2023,12,Salzburg,Germany,482,3,230.68855721393035
2023,12,Salzburg,Austria,154,3,73.70547263681591
2023,12,Salzburg,Netherlands,147,3,70.35522388059702
2023,12,Salzburg,UK,170,3,81.363184079602
2023,12,Salzburg,USA,82,3,39.245771144278606
2023,12,Salzburg,China,132,3,63.17611940298508
2023,12,Salzburg,Switzerland,159,3,76.09850746268657
2023,12,Salzburg,Italy,80,3,38.28855721393035
2023,12,Salzburg,France,120,3,57.43283582089552
2023,12,Salzburg,Other,82,3,39.245771144278606
2023,1,Vienna,Germany,162,3,46.93412816691505
2023,1,Vienna,Austria,111,3,32.1585692995529
2023,1,Vienna,Netherlands,45,3,13.03725782414307
2023,1,Vienna,UK,62,3,17.962444113263786
2023,1,Vienna,USA,54,3,15.644709388971684
2023,1,Vienna,China,79,3,22.887630402384502
2023,1,Vienna,Switzerland,30,3,8.691505216095381
2023,1,Vienna,Italy,31,3,8.981222056631893
2023,1,Vienna,France,61,3,17.672727272727276
2023,1,Vienna,Other,36,3,10.429806259314457
2023,2,Vienna,Germany,132,1,44.77206132879046
2023,2,Vienna,Austria,96,1,32.56149914821124
2023,2,Vienna,Netherlands,42,1,14.245655877342418
2023,2,Vienna,UK,53,1,17.976660988074958
2023,2,Vienna,USA,42,1,14.245655877342418
2023,2,Vienna,China,71,1,24.081942078364563
2023,2,Vienna,Switzerland,25,1,8.479557069846678
2023,2,Vienna,Italy,33,1,11.193015332197614
2023,2,Vienna,France,63,1,21.36848381601363
2023,2,Vienna,Other,30,1,10.175468483816013
2023,3,Vienna,Germany,156,1,63.58141135972462
2023,3,Vienna,Austria,78,1,31.79070567986231
2023,3,Vienna,Netherlands,44,1,17.933218588640276
2023,3,Vienna,UK,47,1,19.155938037865752
2023,3,Vienna,USA,43,1,17.52564543889845
2023,3,Vienna,China,78,1,31.79070567986231
2023,3,Vienna,Switzerland,23,1,9.374182444061963
2023,3,Vienna,Italy,19,1,7.743889845094666
2023,3,Vienna,France,56,1,22.82409638554217
2023,3,Vienna,Other,37,1,15.080206540447506
2023,4,Vienna,Germany,175,3,76.02205882352939
2023,4,Vienna,Austria,90,3,39.09705882352941
2023,4,Vienna,Netherlands,52,3,22.589411764705883
2023,4,Vienna,UK,75,3,32.580882352941174
2023,4,Vienna,USA,46,3,19.982941176470586
2023,4,Vienna,China,93,3,40.40029411764706
2023,4,Vienna,Switzerland,33,3,14.335588235294116
2023,4,Vienna,Italy,38,3,16.50764705882353
2023,4,Vienna,France,48,3,20.851764705882353
2023,4,Vienna,Other,30,3,13.03235294117647
2023,5,Vienna,Germany,173,1,57.351366906474816
2023,5,Vienna,Austria,111,1,36.79769784172662
2023,5,Vienna,Netherlands,58,1,19.22762589928058
2023,5,Vienna,UK,68,1,22.542733812949642
2023,5,Vienna,USA,39,1,12.928920863309353
2023,5,Vienna,China,85,1,28.17841726618705
2023,5,Vienna,Switzerland,35,1,11.602877697841727
2023,5,Vienna,Italy,35,1,11.602877697841727
2023,5,Vienna,France,59,1,19.559136690647485
2023,5,Vienna,Other,32,1,10.608345323741007
2023,6,Vienna,Germany,272,3,61.853846153846156
2023,6,Vienna,Austria,156,3,35.475
2023,6,Vienna,Netherlands,80,3,18.192307692307693
2023,6,Vienna,UK,96,3,21.83076923076923
2023,6,Vienna,USA,93,3,21.148557692307694
2023,6,Vienna,China,107,3,24.332211538461536
2023,6,Vienna,Switzerland,51,3,11.597596153846153
2023,6,Vienna,Italy,48,3,10.915384615384616
2023,6,Vienna,France,88,3,20.011538461538464
2023,6,Vienna,Other,49,3,11.142788461538462
2023,7,Vienna,Germany,340,3,167.78199834847234
2023,7,Vienna,Austria,168,3,82.90404624277456
2023,7,Vienna,Netherlands,114,3,56.25631709331132
2023,7,Vienna,UK,118,3,58.23022295623452
2023,7,Vienna,USA,101,3,49.841123038810906
2023,7,Vienna,China,114,3,56.25631709331132
2023,7,Vienna,Switzerland,56,3,27.634682080924854
2023,7,Vienna,Italy,63,3,31.089017341040464
2023,7,Vienna,France,84,3,41.45202312138728
2023,7,Vienna,Other,53,3,26.15425268373245
2023,8,Vienna,Germany,315,1,128.23783783783784
2023,8,Vienna,Austria,194,1,78.97822393822395
2023,8,Vienna,Netherlands,113,1,46.00277992277992
2023,8,Vienna,UK,121,1,49.2596138996139
2023,8,Vienna,USA,114,1,46.40988416988417
2023,8,Vienna,China,153,1,62.28694980694981
2023,8,Vienna,Switzerland,68,1,27.683088803088808
2023,8,Vienna,Italy,70,1,28.4972972972973
2023,8,Vienna,France,80,1,32.56833976833977
2023,8,Vienna,Other,67,1,27.275984555984557
2023,9,Vienna,Germany,166,3,35.19739837398374
2023,9,Vienna,Austria,108,3,22.89951219512195
2023,9,Vienna,Netherlands,44,3,9.329430894308944
2023,9,Vienna,UK,53,3,11.237723577235773
2023,9,Vienna,USA,43,3,9.11739837398374
2023,9,Vienna,China,65,3,13.782113821138212
2023,9,Vienna,Switzerland,34,3,7.2091056910569105
2023,9,Vienna,Italy,32,3,6.785040650406504
2023,9,Vienna,France,46,3,9.75349593495935
2023,9,Vienna,Other,24,3,5.088780487804878
2023,10,Vienna,Germany,150,1,33.930348258706466
2023,10,Vienna,Austria,82,1,18.5485903814262
2023,10,Vienna,Netherlands,53,1,11.98872305140962
2023,10,Vienna,UK,61,1,13.798341625207296
2023,10,Vienna,USA,47,1,10.631509121061361
2023,10,Vienna,China,75,1,16.965174129353233
2023,10,Vienna,Switzerland,27,1,6.107462686567164
2023,10,Vienna,Italy,36,1,8.143283582089552
2023,10,Vienna,France,44,1,9.952902155887232
2023,10,Vienna,Other,28,1,6.333665008291874
2023,11,Vienna,Germany,167,3,51.5
2023,11,Vienna,Austria,101,3,31.146706586826348
2023,11,Vienna,Netherlands,55,3,16.961077844311376
2023,11,Vienna,UK,63,3,19.428143712574848
2023,11,Vienna,USA,44,3,13.568862275449103
2023,11,Vienna,China,63,3,19.428143712574848
2023,11,Vienna,Switzerland,39,3,12.02694610778443
2023,11,Vienna,Italy,37,3,11.410179640718562
2023,11,Vienna,France,70,3,21.586826347305387
2023,11,Vienna,Other,29,3,8.94311377245509
2023,12,Vienna,Germany,172,2,36.727058823529404
2023,12,Vienna,Austria,106,2,22.634117647058822
2023,12,Vienna,Netherlands,54,2,11.530588235294116
2023,12,Vienna,UK,66,2,14.092941176470587
2023,12,Vienna,USA,38,2,8.114117647058823
2023,12,Vienna,China,87,2,18.57705882352941
2023,12,Vienna,Switzerland,31,2,6.619411764705881
2023,12,Vienna,Italy,39,2,8.327647058823528
2023,12,Vienna,France,57,2,12.171176470588234
2023,12,Vienna,Other,30,2,6.405882352941177
2023,1,Carinthia,Germany,202,2,94.32372881355933
2023,1,Carinthia,Austria,67,2,31.285593220338985
2023,1,Carinthia,Netherlands,74,2,34.554237288135596
2023,1,Carinthia,UK,84,2,39.223728813559326
2023,1,Carinthia,USA,34,2,15.876271186440679
2023,1,Carinthia,China,54,2,25.21525423728814
2023,1,Carinthia,Switzerland,69,2,32.219491525423734
2023,1,Carinthia,Italy,41,2,19.14491525423729
2023,1,Carinthia,France,49,2,22.880508474576274
2023,1,Carinthia,Other,34,2,15.876271186440679
2023,2,Carinthia,Germany,185,5,75.93161764705883
2023,2,Carinthia,Austria,67,5,27.499558823529412
2023,2,Carinthia,Netherlands,80,5,32.83529411764706
2023,2,Carinthia,UK,62,5,25.447352941176472
2023,2,Carinthia,USA,43,5,17.648970588235294
2023,2,Carinthia,China,63,5,25.85779411764706
2023,2,Carinthia,Switzerland,71,5,29.141323529411768
2023,2,Carinthia,Italy,35,5,14.365441176470588
2023,2,Carinthia,France,46,5,18.880294117647058
2023,2,Carinthia,Other,28,5,11.492352941176472
2023,3,Carinthia,Germany,230,6,108.10943912448703
2023,3,Carinthia,Austria,75,6,35.2530779753762
2023,3,Carinthia,Netherlands,64,6,30.08262653898769
2023,3,Carinthia,UK,75,6,35.2530779753762
2023,3,Carinthia,USA,42,6,19.74172366621067
2023,3,Carinthia,China,49,6,23.03201094391245
2023,3,Carinthia,Switzerland,70,6,32.902872777017784
2023,3,Carinthia,Italy,39,6,18.331600547195624
2023,3,Carinthia,France,48,6,22.56196990424077
2023,3,Carinthia,Other,39,6,18.331600547195624
2023,4,Carinthia,Germany,199,6,96.98499210110585
2023,4,Carinthia,Austria,57,6,27.77962085308057
2023,4,Carinthia,Netherlands,65,6,31.67851500789889
2023,4,Carinthia,UK,69,6,33.627962085308056
2023,4,Carinthia,USA,30,6,14.62085308056872
2023,4,Carinthia,China,48,6,23.393364928909953
2023,4,Carinthia,Switzerland,69,6,33.627962085308056
2023,4,Carinthia,Italy,26,6,12.671406003159557
2023,4,Carinthia,France,42,6,20.46919431279621
2023,4,Carinthia,Other,28,6,13.64612954186414
2023,5,Carinthia,Germany,202,6,82.50290697674419
2023,5,Carinthia,Austria,62,6,25.32267441860465
2023,5,Carinthia,Netherlands,78,6,31.85755813953488
2023,5,Carinthia,UK,75,6,30.632267441860463
2023,5,Carinthia,USA,37,6,15.111918604651162
2023,5,Carinthia,China,48,6,19.6046511627907
2023,5,Carinthia,Switzerland,72,6,29.406976744186046
2023,5,Carinthia,Italy,33,6,13.478197674418606
2023,5,Carinthia,France,46,6,18.787790697674417
2023,5,Carinthia,Other,35,6,14.295058139534884
2023,6,Carinthia,Germany,193,4,41.020062695924764
2023,6,Carinthia,Austria,66,4,14.027586206896551
2023,6,Carinthia,Netherlands,66,4,14.027586206896551
2023,6,Carinthia,UK,59,4,12.539811912225705
2023,6,Carinthia,USA,37,4,7.863949843260188
2023,6,Carinthia,China,50,4,10.626959247648903
2023,6,Carinthia,Switzerland,63,4,13.389968652037616
2023,6,Carinthia,Italy,28,4,5.951097178683385
2023,6,Carinthia,France,45,4,9.564263322884011
2023,6,Carinthia,Other,31,4,6.588714733542319
2023,7,Carinthia,Germany,204,4,81.07927927927928
2023,7,Carinthia,Austria,58,4,23.05195195195195
2023,7,Carinthia,Netherlands,73,4,29.013663663663664
2023,7,Carinthia,UK,64,4,25.436636636636635
2023,7,Carinthia,USA,25,4,9.936186186186186
2023,7,Carinthia,China,53,4,21.064714714714714
2023,7,Carinthia,Switzerland,75,4,29.80855855855856
2023,7,Carinthia,Italy,33,4,13.115765765765765
2023,7,Carinthia,France,49,4,19.474924924924924
2023,7,Carinthia,Other,32,4,12.718318318318317
2023,8,Carinthia,Germany,182,3,48.12695374800638
2023,8,Carinthia,Austria,64,3,16.923763955342903
2023,8,Carinthia,Netherlands,66,3,17.45263157894737
2023,8,Carinthia,UK,59,3,15.601594896331738
2023,8,Carinthia,USA,29,3,7.6685805422647535
2023,8,Carinthia,China,54,3,14.279425837320575
2023,8,Carinthia,Switzerland,54,3,14.279425837320575
2023,8,Carinthia,Italy,37,3,9.784051036682616
2023,8,Carinthia,France,44,3,11.635087719298246
2023,8,Carinthia,Other,38,3,10.048484848484849
2023,9,Carinthia,Germany,178,6,42.23584
2023,9,Carinthia,Austria,60,6,14.2368
2023,9,Carinthia,Netherlands,78,6,18.50784
2023,9,Carinthia,UK,71,6,16.846880000000002
2023,9,Carinthia,USA,24,6,5.69472
2023,9,Carinthia,China,40,6,9.491200000000001
2023,9,Carinthia,Switzerland,72,6,17.08416
2023,9,Carinthia,Italy,31,6,7.35568
2023,9,Carinthia,France,36,6,8.54208
2023,9,Carinthia,Other,35,6,8.3048
2023,10,Carinthia,Germany,204,6,96.22523076923078
2023,10,Carinthia,Austria,72,6,33.96184615384616
2023,10,Carinthia,Netherlands,63,6,29.716615384615384
2023,10,Carinthia,UK,61,6,28.77323076923077
2023,10,Carinthia,USA,42,6,19.811076923076925
2023,10,Carinthia,China,38,6,17.924307692307693
2023,10,Carinthia,Switzerland,59,6,27.829846153846155
2023,10,Carinthia,Italy,32,6,15.094153846153848
2023,10,Carinthia,France,49,6,23.112923076923078
2023,10,Carinthia,Other,30,6,14.150769230769233
2023,11,Carinthia,Germany,174,6,66.33388704318936
2023,11,Carinthia,Austria,58,6,22.111295681063126
2023,11,Carinthia,Netherlands,63,6,24.017441860465116
2023,11,Carinthia,UK,61,6,23.254983388704318
2023,11,Carinthia,USA,28,6,10.674418604651162
2023,11,Carinthia,China,43,6,16.392857142857142
2023,11,Carinthia,Switzerland,64,6,24.398671096345517
2023,11,Carinthia,Italy,31,6,11.818106312292358
2023,11,Carinthia,France,46,6,17.536544850498338
2023,11,Carinthia,Other,34,6,12.961794019933555
2023,12,Carinthia,Germany,203,6,101.16918518518519
2023,12,Carinthia,Austria,58,6,28.905481481481477
2023,12,Carinthia,Netherlands,54,6,26.912
2023,12,Carinthia,UK,79,6,39.371259259259254
2023,12,Carinthia,USA,38,6,18.938074074074073
2023,12,Carinthia,China,46,6,22.925037037037036
2023,12,Carinthia,Switzerland,72,6,35.882666666666665
2023,12,Carinthia,Italy,40,6,19.934814814814814
2023,12,Carinthia,France,51,6,25.416888888888888
2023,12,Carinthia,Other,34,6,16.944592592592592
2023,1,Styria,Germany,119,5,44.482096069868994
2023,1,Styria,Austria,39,5,14.578165938864629
2023,1,Styria,Netherlands,48,5,17.942358078602616
2023,1,Styria,UK,53,5,19.811353711790392
2023,1,Styria,USA,26,5,9.71877729257642
2023,1,Styria,China,38,5,14.204366812227073
2023,1,Styria,Switzerland,49,5,18.316157205240174
2023,1,Styria,Italy,29,5,10.84017467248908
2023,1,Styria,France,34,5,12.709170305676857
2023,1,Styria,Other,23,5,8.597379912663754
2023,2,Styria,Germany,138,4,62.54042553191489
2023,2,Styria,Austria,59,4,26.73829787234042
2023,2,Styria,Netherlands,50,4,22.659574468085108
2023,2,Styria,UK,43,4,19.48723404255319
2023,2,Styria,USA,26,4,11.782978723404254
2023,2,Styria,China,35,4,15.861702127659573
2023,2,Styria,Switzerland,47,4,21.3
2023,2,Styria,Italy,16,4,7.251063829787234
2023,2,Styria,France,36,4,16.314893617021276
2023,2,Styria,Other,20,4,9.063829787234042
2023,3,Styria,Germany,153,4,37.025999999999996
2023,3,Styria,Austria,53,4,12.826
2023,3,Styria,Netherlands,50,4,12.100000000000001
2023,3,Styria,UK,60,4,14.52
2023,3,Styria,USA,29,4,7.018000000000001
2023,3,Styria,China,37,4,8.953999999999999
2023,3,Styria,Switzerland,38,4,9.196
2023,3,Styria,Italy,22,4,5.324
2023,3,Styria,France,33,4,7.986000000000001
2023,3,Styria,Other,25,4,6.050000000000001
2023,4,Styria,Germany,139,2,55.15161290322581
2023,4,Styria,Austria,50,2,19.838709677419356
2023,4,Styria,Netherlands,31,2,12.3
2023,4,Styria,UK,40,2,15.870967741935486
2023,4,Styria,USA,28,2,11.10967741935484
2023,4,Styria,China,41,2,16.26774193548387
2023,4,Styria,Switzerland,57,2,22.616129032258062
2023,4,Styria,Italy,23,2,9.125806451612902
2023,4,Styria,France,37,2,14.680645161290323
2023,4,Styria,Other,19,2,7.538709677419355
2023,5,Styria,Germany,138,5,38.41456953642384
2023,5,Styria,Austria,40,5,11.134657836644593
2023,5,Styria,Netherlands,41,5,11.413024282560706
2023,5,Styria,UK,46,5,12.80485651214128
2023,5,Styria,USA,15,5,4.175496688741722
2023,5,Styria,China,39,5,10.856291390728476
2023,5,Styria,Switzerland,46,5,12.80485651214128
2023,5,Styria,Italy,26,5,7.237527593818984
2023,5,Styria,France,37,5,10.299558498896246
2023,5,Styria,Other,25,5,6.959161147902869
2023,6,Styria,Germany,123,2,31.846304347826088
2023,6,Styria,Austria,50,2,12.945652173913043
2023,6,Styria,Netherlands,49,2,12.686739130434782
2023,6,Styria,UK,49,2,12.686739130434782
2023,6,Styria,USA,21,2,5.437173913043478
2023,6,Styria,China,39,2,10.097608695652173
2023,6,Styria,Switzerland,47,2,12.16891304347826
2023,6,Styria,Italy,21,2,5.437173913043478
2023,6,Styria,France,38,2,9.838695652173913
2023,6,Styria,Other,23,2,5.955
2023,7,Styria,Germany,131,2,49.978396436525614
2023,7,Styria,Austria,49,2,18.694209354120268
2023,7,Styria,Netherlands,48,2,18.31269487750557
2023,7,Styria,UK,37,2,14.116035634743875
2023,7,Styria,USA,19,2,7.248775055679287
2023,7,Styria,China,34,2,12.971492204899778
2023,7,Styria,Switzerland,54,2,20.601781737193765
2023,7,Styria,Italy,18,2,6.867260579064589
2023,7,Styria,France,46,2,17.54966592427617
2023,7,Styria,Other,13,2,4.959688195991092
2023,8,Styria,Germany,152,3,69.56451612903226
2023,8,Styria,Austria,47,3,21.510080645161292
2023,8,Styria,Netherlands,55,3,25.171370967741936
2023,8,Styria,UK,55,3,25.171370967741936
2023,8,Styria,USA,33,3,15.10282258064516
2023,8,Styria,China,35,3,16.018145161290324
2023,8,Styria,Switzerland,41,3,18.764112903225804
2023,8,Styria,Italy,25,3,11.441532258064516
2023,8,Styria,France,30,3,13.72983870967742
2023,8,Styria,Other,23,3,10.526209677419354
2023,9,Styria,Germany,131,4,38.48125
2023,9,Styria,Austria,49,4,14.39375
2023,9,Styria,Netherlands,49,4,14.39375
2023,9,Styria,UK,38,4,11.162500000000001
2023,9,Styria,USA,26,4,7.6375
2023,9,Styria,China,33,4,9.693750000000001
2023,9,Styria,Switzerland,35,4,10.28125
2023,9,Styria,Italy,20,4,5.875
2023,9,Styria,France,31,4,9.106250000000001
2023,9,Styria,Other,20,4,5.875
2023,10,Styria,Germany,120,4,32.95693779904306
2023,10,Styria,Austria,32,4,8.788516746411483
2023,10,Styria,Netherlands,50,4,13.732057416267942
2023,10,Styria,UK,45,4,12.35885167464115
2023,10,Styria,USA,21,4,5.767464114832536
2023,10,Styria,China,34,4,9.3377990430622
2023,10,Styria,Switzerland,38,4,10.436363636363636
2023,10,Styria,Italy,21,4,5.767464114832536
2023,10,Styria,France,32,4,8.788516746411483
2023,10,Styria,Other,25,4,6.866028708133971
2023,11,Styria,Germany,138,4,66.76680497925311
2023,11,Styria,Austria,45,4,21.771784232365146
2023,11,Styria,Netherlands,47,4,22.739419087136927
2023,11,Styria,UK,53,4,25.64232365145228
2023,11,Styria,USA,27,4,13.063070539419087
2023,11,Styria,China,46,4,22.255601659751036
2023,11,Styria,Switzerland,44,4,21.287966804979252
2023,11,Styria,Italy,24,4,11.611618257261409
2023,11,Styria,France,33,4,15.96597510373444
2023,11,Styria,Other,25,4,12.095435684647303
2023,12,Styria,Germany,117,6,57.83142857142857
2023,12,Styria,Austria,53,6,26.197142857142858
2023,12,Styria,Netherlands,47,6,23.23142857142857
2023,12,Styria,UK,44,6,21.74857142857143
2023,12,Styria,USA,22,6,10.874285714285715
2023,12,Styria,China,45,6,22.242857142857144
2023,12,Styria,Switzerland,46,6,22.737142857142857
2023,12,Styria,Italy,21,6,10.38
2023,12,Styria,France,33,6,16.311428571428575
2023,12,Styria,Other,27,6,13.345714285714285
